<?xml version="1.0" encoding="UTF-8"?>
<ivy-module version="2.0" xmlns:m="http://ant.apache.org/ivy/maven">
	<info organisation="org.scalatest"
		module="scalatest_2.11"
		revision="2.2.2"
		status="release"
		publication="20140819052737"
	>
		<license name="the Apache License, ASL Version 2.0" url="http://www.apache.org/licenses/LICENSE-2.0" />
		<description homepage="http://www.scalatest.org">
		scalatest
		</description>
	</info>
	<configurations>
		<conf name="default" visibility="public" description="runtime dependencies and master artifact can be used with this conf" extends="runtime,master"/>
		<conf name="master" visibility="public" description="contains only the artifact published by this module itself, with no transitive dependencies"/>
		<conf name="compile" visibility="public" description="this is the default scope, used if none is specified. Compile dependencies are available in all classpaths."/>
		<conf name="provided" visibility="public" description="this is much like compile, but indicates you expect the JDK or a container to provide it. It is only available on the compilation classpath, and is not transitive."/>
		<conf name="runtime" visibility="public" description="this scope indicates that the dependency is not required for compilation, but is for execution. It is in the runtime and test classpaths, but not the compile classpath." extends="compile"/>
		<conf name="test" visibility="private" description="this scope indicates that the dependency is not required for normal use of the application, and is only available for the test compilation and execution phases." extends="runtime"/>
		<conf name="system" visibility="public" description="this scope is similar to provided except that you have to provide the JAR which contains it explicitly. The artifact is always available and is not looked up in a repository."/>
		<conf name="sources" visibility="public" description="this configuration contains the source artifact of this module, if any."/>
		<conf name="javadoc" visibility="public" description="this configuration contains the javadoc artifact of this module, if any."/>
		<conf name="optional" visibility="public" description="contains all optional dependencies"/>
	</configurations>
	<publications>
		<artifact name="scalatest_2.11" type="bundle" ext="jar" conf="master"/>
	</publications>
	<dependencies>
		<dependency org="org.scala-lang" name="scala-compiler" rev="2.11.2" force="true" conf="provided->compile(*),provided(*),runtime(*),master(*)"/>
		<dependency org="org.scala-lang" name="scala-library" rev="2.11.2" force="true" conf="compile->compile(*),master(*);runtime->runtime(*)"/>
		<dependency org="org.scala-lang" name="scala-reflect" rev="2.11.2" force="true" conf="compile->compile(*),master(*);runtime->runtime(*)"/>
		<dependency org="org.scala-lang.modules" name="scala-xml_2.11" rev="1.0.2" force="true" conf="compile->compile(*),master(*);runtime->runtime(*)"/>
		<dependency org="org.scalacheck" name="scalacheck_2.11" rev="1.11.3" force="true" conf="optional->compile(*),master(*)"/>
		<dependency org="org.scala-sbt" name="test-interface" rev="1.0" force="true" conf="optional->compile(*),master(*)"/>
		<dependency org="org.easymock" name="easymockclassextension" rev="3.1" force="true" conf="optional->compile(*),master(*)"/>
		<dependency org="org.jmock" name="jmock-legacy" rev="2.5.1" force="true" conf="optional->compile(*),master(*)"/>
		<dependency org="org.mockito" name="mockito-all" rev="1.9.0" force="true" conf="optional->compile(*),master(*)"/>
		<dependency org="org.testng" name="testng" rev="6.8.7" force="true" conf="optional->compile(*),master(*)"/>
		<dependency org="com.google.inject" name="guice" rev="2.0" force="true" conf="optional->compile(*),master(*)"/>
		<dependency org="junit" name="junit" rev="4.10" force="true" conf="optional->compile(*),master(*)"/>
		<dependency org="org.seleniumhq.selenium" name="selenium-java" rev="2.35.0" force="true" conf="optional->compile(*),master(*)"/>
		<dependency org="org.apache.ant" name="ant" rev="1.7.1" force="true" conf="optional->compile(*),master(*)"/>
		<dependency org="commons-io" name="commons-io" rev="1.3.2" force="true" conf="test->runtime(*),master(*)"/>
		<dependency org="org.eclipse.jetty" name="jetty-server" rev="8.1.8.v20121106" force="true" conf="test->runtime(*),master(*)"/>
		<dependency org="org.eclipse.jetty" name="jetty-webapp" rev="8.1.8.v20121106" force="true" conf="test->runtime(*),master(*)"/>
		<dependency org="org.ow2.asm" name="asm-all" rev="4.1" force="true" conf="optional->compile(*),master(*)"/>
		<dependency org="org.pegdown" name="pegdown" rev="1.4.2" force="true" conf="optional->compile(*),master(*)"/>
	</dependencies>
</ivy-module>
