<?xml version="1.0" encoding="UTF-8"?>
<ivy-module version="2.0" xmlns:e="http://ant.apache.org/ivy/extra">
	<info organisation="org.scala-sbt" module="io" revision="0.12.4" status="release" publication="20130626161447">
		<description>
		IO
		</description>
	</info>
	<configurations>
		<conf name="compile" visibility="public" description=""/>
		<conf name="runtime" visibility="public" description="" extends="compile"/>
		<conf name="test" visibility="public" description="" extends="runtime"/>
		<conf name="optional" visibility="public" description=""/>
		<conf name="provided" visibility="public" description="" transitive="false"/>
		
		
		
		
		<conf name="sources" visibility="public" description=""/>
		<conf name="docs" visibility="public" description=""/>
		<conf name="pom" visibility="public" description=""/>
	</configurations>
	<publications>
		<artifact name="io" type="jar" ext="jar" conf="compile"/>
		<artifact name="io" type="src" ext="jar" conf="sources" e:classifier="sources"/>
	</publications>
	<dependencies>
		<dependency org="org.scala-sbt" name="control" rev="0.12.4" conf="compile->default(compile)"/>
		<dependency org="org.scala-lang" name="scala-library" rev="2.9.2" conf="compile->default(compile)"/>
		<dependency org="org.scala-tools.testing" name="scalacheck_2.9.1" rev="1.9" conf="test->default(compile)"/>
		<dependency org="org.scala-tools.testing" name="specs_2.9.1" rev="1.6.9" conf="test->default(compile)"/>
		<dependency org="org.scala-lang" name="scala-compiler" rev="2.9.2" conf="test->default(compile)"/>
		<exclude org="org.scala-lang" module="scala-library" artifact="*" type="jar" ext="*" matcher="exact"/>
		<exclude org="org.scala-lang" module="scala-compiler" artifact="*" type="jar" ext="*" matcher="exact"/>
		<override org="org.scala-lang" module="scala-library" matcher="exact" rev="2.9.2"/>
		<override org="org.scala-lang" module="scala-compiler" matcher="exact" rev="2.9.2"/>
	</dependencies>
</ivy-module>
