<?xml version="1.0" encoding="UTF-8"?>
<?xml-stylesheet type="text/xsl" href="ivy-report.xsl"?>
<ivy-report version="1.0">
	<info
		organisation="org.scala-sbt"
		module="boot-app"
		revision="1.0"
		conf="default"
		confs="default"
		date="20141006151136"/>
	<dependencies>
		<module organisation="org.scala-sbt" name="sbt">
			<revision name="0.12.4" status="release" pubdate="20130626161550" resolver="typesafe-ivy-releases" artresolver="typesafe-ivy-releases" downloaded="true" searched="true" default="false" conf="default(compile), compile" position="0">
				<metadata-artifact status="successful" details="" size="2183" time="552" location="/Users/jon/Project/introscala-mobiskill/sbt/repository/repository/cache/org.scala-sbt/sbt/ivy-0.12.4.xml" searched="true" original-local-location="/Users/jon/Project/introscala-mobiskill/sbt/repository/repository/cache/org.scala-sbt/sbt/ivy-0.12.4.xml.original" origin-is-local="false" origin-location="http://repo.typesafe.com/typesafe/ivy-releases/org.scala-sbt/sbt/0.12.4/ivys/ivy.xml"/>
				<caller organisation="org.scala-sbt" name="boot-app" conf="default" rev="0.12.4" rev-constraint-default="0.12.4" rev-constraint-dynamic="0.12.4" callerrev="1.0"/>
				<artifacts>
					<artifact name="sbt" type="jar" ext="jar" status="successful" details="" size="18844" time="1482" location="/Users/jon/Project/introscala-mobiskill/sbt/repository/repository/cache/org.scala-sbt/sbt/jars/sbt-0.12.4.jar">
						<origin-location is-local="false" location="http://repo.typesafe.com/typesafe/ivy-releases/org.scala-sbt/sbt/0.12.4/jars/sbt.jar"/>
					</artifact>
				</artifacts>
			</revision>
		</module>
		<module organisation="org.scala-sbt" name="precompiled-2_10_1">
			<revision name="0.12.4" status="release" pubdate="20130626161447" resolver="typesafe-ivy-releases" artresolver="typesafe-ivy-releases" downloaded="true" searched="true" default="false" conf="default(compile), compile" position="41">
				<metadata-artifact status="successful" details="" size="1841" time="549" location="/Users/jon/Project/introscala-mobiskill/sbt/repository/repository/cache/org.scala-sbt/precompiled-2_10_1/ivy-0.12.4.xml" searched="true" original-local-location="/Users/jon/Project/introscala-mobiskill/sbt/repository/repository/cache/org.scala-sbt/precompiled-2_10_1/ivy-0.12.4.xml.original" origin-is-local="false" origin-location="http://repo.typesafe.com/typesafe/ivy-releases/org.scala-sbt/precompiled-2_10_1/0.12.4/ivys/ivy.xml"/>
				<caller organisation="org.scala-sbt" name="sbt" conf="compile" rev="0.12.4" rev-constraint-default="0.12.4" rev-constraint-dynamic="0.12.4" callerrev="0.12.4"/>
				<artifacts>
					<artifact name="compiler-interface-bin" type="jar" ext="jar" extra-component="compiler-interface-bin_2.10.1" status="successful" details="" size="163754" time="1308" location="/Users/jon/Project/introscala-mobiskill/sbt/repository/repository/cache/org.scala-sbt/precompiled-2_10_1/jars/compiler-interface-bin-0.12.4.jar">
						<origin-location is-local="false" location="http://repo.typesafe.com/typesafe/ivy-releases/org.scala-sbt/precompiled-2_10_1/0.12.4/jars/compiler-interface-bin.jar"/>
					</artifact>
				</artifacts>
			</revision>
		</module>
		<module organisation="org.scala-sbt" name="precompiled-2_9_3">
			<revision name="0.12.4" status="release" pubdate="20130626161447" resolver="typesafe-ivy-releases" artresolver="typesafe-ivy-releases" downloaded="true" searched="true" default="false" conf="default(compile), compile" position="40">
				<metadata-artifact status="successful" details="" size="1835" time="575" location="/Users/jon/Project/introscala-mobiskill/sbt/repository/repository/cache/org.scala-sbt/precompiled-2_9_3/ivy-0.12.4.xml" searched="true" original-local-location="/Users/jon/Project/introscala-mobiskill/sbt/repository/repository/cache/org.scala-sbt/precompiled-2_9_3/ivy-0.12.4.xml.original" origin-is-local="false" origin-location="http://repo.typesafe.com/typesafe/ivy-releases/org.scala-sbt/precompiled-2_9_3/0.12.4/ivys/ivy.xml"/>
				<caller organisation="org.scala-sbt" name="sbt" conf="compile" rev="0.12.4" rev-constraint-default="0.12.4" rev-constraint-dynamic="0.12.4" callerrev="0.12.4"/>
				<artifacts>
					<artifact name="compiler-interface-bin" type="jar" ext="jar" extra-component="compiler-interface-bin_2.9.3" status="successful" details="" size="157882" time="1660" location="/Users/jon/Project/introscala-mobiskill/sbt/repository/repository/cache/org.scala-sbt/precompiled-2_9_3/jars/compiler-interface-bin-0.12.4.jar">
						<origin-location is-local="false" location="http://repo.typesafe.com/typesafe/ivy-releases/org.scala-sbt/precompiled-2_9_3/0.12.4/jars/compiler-interface-bin.jar"/>
					</artifact>
				</artifacts>
			</revision>
		</module>
		<module organisation="org.scala-sbt" name="precompiled-2_8_2">
			<revision name="0.12.4" status="release" pubdate="20130626161447" resolver="typesafe-ivy-releases" artresolver="typesafe-ivy-releases" downloaded="true" searched="true" default="false" conf="default(compile), compile" position="39">
				<metadata-artifact status="successful" details="" size="1841" time="749" location="/Users/jon/Project/introscala-mobiskill/sbt/repository/repository/cache/org.scala-sbt/precompiled-2_8_2/ivy-0.12.4.xml" searched="true" original-local-location="/Users/jon/Project/introscala-mobiskill/sbt/repository/repository/cache/org.scala-sbt/precompiled-2_8_2/ivy-0.12.4.xml.original" origin-is-local="false" origin-location="http://repo.typesafe.com/typesafe/ivy-releases/org.scala-sbt/precompiled-2_8_2/0.12.4/ivys/ivy.xml"/>
				<caller organisation="org.scala-sbt" name="sbt" conf="compile" rev="0.12.4" rev-constraint-default="0.12.4" rev-constraint-dynamic="0.12.4" callerrev="0.12.4"/>
				<artifacts>
					<artifact name="compiler-interface-bin" type="jar" ext="jar" extra-component="compiler-interface-bin_2.8.2.final" status="successful" details="" size="152795" time="1541" location="/Users/jon/Project/introscala-mobiskill/sbt/repository/repository/cache/org.scala-sbt/precompiled-2_8_2/jars/compiler-interface-bin-0.12.4.jar">
						<origin-location is-local="false" location="http://repo.typesafe.com/typesafe/ivy-releases/org.scala-sbt/precompiled-2_8_2/0.12.4/jars/compiler-interface-bin.jar"/>
					</artifact>
				</artifacts>
			</revision>
		</module>
		<module organisation="org.scala-sbt" name="compiler-interface">
			<revision name="0.12.4" status="release" pubdate="20130626161452" resolver="typesafe-ivy-releases" artresolver="typesafe-ivy-releases" downloaded="true" searched="true" default="false" conf="default(compile), compile" position="38">
				<metadata-artifact status="successful" details="" size="2146" time="906" location="/Users/jon/Project/introscala-mobiskill/sbt/repository/repository/cache/org.scala-sbt/compiler-interface/ivy-0.12.4.xml" searched="true" original-local-location="/Users/jon/Project/introscala-mobiskill/sbt/repository/repository/cache/org.scala-sbt/compiler-interface/ivy-0.12.4.xml.original" origin-is-local="false" origin-location="http://repo.typesafe.com/typesafe/ivy-releases/org.scala-sbt/compiler-interface/0.12.4/ivys/ivy.xml"/>
				<caller organisation="org.scala-sbt" name="sbt" conf="compile" rev="0.12.4" rev-constraint-default="0.12.4" rev-constraint-dynamic="0.12.4" callerrev="0.12.4"/>
				<artifacts>
					<artifact name="compiler-interface-bin" type="jar" ext="jar" extra-component="compiler-interface-bin_2.9.2" status="successful" details="" size="157871" time="2008" location="/Users/jon/Project/introscala-mobiskill/sbt/repository/repository/cache/org.scala-sbt/compiler-interface/jars/compiler-interface-bin-0.12.4.jar">
						<origin-location is-local="false" location="http://repo.typesafe.com/typesafe/ivy-releases/org.scala-sbt/compiler-interface/0.12.4/jars/compiler-interface-bin.jar"/>
					</artifact>
					<artifact name="compiler-interface-src" type="jar" ext="jar" extra-component="compiler-interface-src" status="successful" details="" size="19617" time="894" location="/Users/jon/Project/introscala-mobiskill/sbt/repository/repository/cache/org.scala-sbt/compiler-interface/jars/compiler-interface-src-0.12.4.jar">
						<origin-location is-local="false" location="http://repo.typesafe.com/typesafe/ivy-releases/org.scala-sbt/compiler-interface/0.12.4/jars/compiler-interface-src.jar"/>
					</artifact>
				</artifacts>
			</revision>
		</module>
		<module organisation="org.scala-sbt" name="main">
			<revision name="0.12.4" status="release" pubdate="20130626161550" resolver="typesafe-ivy-releases" artresolver="typesafe-ivy-releases" downloaded="true" searched="true" default="false" conf="default(compile), compile" position="1">
				<metadata-artifact status="successful" details="" size="2672" time="1618" location="/Users/jon/Project/introscala-mobiskill/sbt/repository/repository/cache/org.scala-sbt/main/ivy-0.12.4.xml" searched="true" original-local-location="/Users/jon/Project/introscala-mobiskill/sbt/repository/repository/cache/org.scala-sbt/main/ivy-0.12.4.xml.original" origin-is-local="false" origin-location="http://repo.typesafe.com/typesafe/ivy-releases/org.scala-sbt/main/0.12.4/ivys/ivy.xml"/>
				<caller organisation="org.scala-sbt" name="sbt" conf="compile" rev="0.12.4" rev-constraint-default="0.12.4" rev-constraint-dynamic="0.12.4" callerrev="0.12.4"/>
				<artifacts>
					<artifact name="main" type="jar" ext="jar" status="successful" details="" size="2029044" time="10372" location="/Users/jon/Project/introscala-mobiskill/sbt/repository/repository/cache/org.scala-sbt/main/jars/main-0.12.4.jar">
						<origin-location is-local="false" location="http://repo.typesafe.com/typesafe/ivy-releases/org.scala-sbt/main/0.12.4/jars/main.jar"/>
					</artifact>
				</artifacts>
			</revision>
		</module>
		<module organisation="org.scala-sbt" name="command">
			<revision name="0.12.4" status="release" pubdate="20130626161452" resolver="typesafe-ivy-releases" artresolver="typesafe-ivy-releases" downloaded="true" searched="true" default="false" conf="default(compile), compile" position="37">
				<metadata-artifact status="successful" details="" size="2406" time="908" location="/Users/jon/Project/introscala-mobiskill/sbt/repository/repository/cache/org.scala-sbt/command/ivy-0.12.4.xml" searched="true" original-local-location="/Users/jon/Project/introscala-mobiskill/sbt/repository/repository/cache/org.scala-sbt/command/ivy-0.12.4.xml.original" origin-is-local="false" origin-location="http://repo.typesafe.com/typesafe/ivy-releases/org.scala-sbt/command/0.12.4/ivys/ivy.xml"/>
				<caller organisation="org.scala-sbt" name="main" conf="compile" rev="0.12.4" rev-constraint-default="0.12.4" rev-constraint-dynamic="0.12.4" callerrev="0.12.4"/>
				<artifacts>
					<artifact name="command" type="jar" ext="jar" status="successful" details="" size="209767" time="1527" location="/Users/jon/Project/introscala-mobiskill/sbt/repository/repository/cache/org.scala-sbt/command/jars/command-0.12.4.jar">
						<origin-location is-local="false" location="http://repo.typesafe.com/typesafe/ivy-releases/org.scala-sbt/command/0.12.4/jars/command.jar"/>
					</artifact>
				</artifacts>
			</revision>
		</module>
		<module organisation="org.scala-sbt" name="actions">
			<revision name="0.12.4" status="release" pubdate="20130626161550" resolver="typesafe-ivy-releases" artresolver="typesafe-ivy-releases" downloaded="true" searched="true" default="false" conf="default(compile), compile" position="2">
				<metadata-artifact status="successful" details="" size="3072" time="758" location="/Users/jon/Project/introscala-mobiskill/sbt/repository/repository/cache/org.scala-sbt/actions/ivy-0.12.4.xml" searched="true" original-local-location="/Users/jon/Project/introscala-mobiskill/sbt/repository/repository/cache/org.scala-sbt/actions/ivy-0.12.4.xml.original" origin-is-local="false" origin-location="http://repo.typesafe.com/typesafe/ivy-releases/org.scala-sbt/actions/0.12.4/ivys/ivy.xml"/>
				<caller organisation="org.scala-sbt" name="main" conf="compile" rev="0.12.4" rev-constraint-default="0.12.4" rev-constraint-dynamic="0.12.4" callerrev="0.12.4"/>
				<artifacts>
					<artifact name="actions" type="jar" ext="jar" status="successful" details="" size="287242" time="1921" location="/Users/jon/Project/introscala-mobiskill/sbt/repository/repository/cache/org.scala-sbt/actions/jars/actions-0.12.4.jar">
						<origin-location is-local="false" location="http://repo.typesafe.com/typesafe/ivy-releases/org.scala-sbt/actions/0.12.4/jars/actions.jar"/>
					</artifact>
				</artifacts>
			</revision>
		</module>
		<module organisation="org.scala-sbt" name="testing">
			<revision name="0.12.4" status="release" pubdate="20130626161452" resolver="typesafe-ivy-releases" artresolver="typesafe-ivy-releases" downloaded="true" searched="true" default="false" conf="default(compile), compile" position="34">
				<metadata-artifact status="successful" details="" size="2181" time="526" location="/Users/jon/Project/introscala-mobiskill/sbt/repository/repository/cache/org.scala-sbt/testing/ivy-0.12.4.xml" searched="true" original-local-location="/Users/jon/Project/introscala-mobiskill/sbt/repository/repository/cache/org.scala-sbt/testing/ivy-0.12.4.xml.original" origin-is-local="false" origin-location="http://repo.typesafe.com/typesafe/ivy-releases/org.scala-sbt/testing/0.12.4/ivys/ivy.xml"/>
				<caller organisation="org.scala-sbt" name="actions" conf="compile" rev="0.12.4" rev-constraint-default="0.12.4" rev-constraint-dynamic="0.12.4" callerrev="0.12.4"/>
				<artifacts>
					<artifact name="testing" type="jar" ext="jar" status="successful" details="" size="85495" time="3465" location="/Users/jon/Project/introscala-mobiskill/sbt/repository/repository/cache/org.scala-sbt/testing/jars/testing-0.12.4.jar">
						<origin-location is-local="false" location="http://repo.typesafe.com/typesafe/ivy-releases/org.scala-sbt/testing/0.12.4/jars/testing.jar"/>
					</artifact>
				</artifacts>
			</revision>
		</module>
		<module organisation="org.scala-sbt" name="test-agent">
			<revision name="0.12.4" status="release" pubdate="20130626161447" resolver="typesafe-ivy-releases" artresolver="typesafe-ivy-releases" downloaded="true" searched="true" default="false" conf="default(compile), compile" position="35">
				<metadata-artifact status="successful" details="" size="1697" time="1260" location="/Users/jon/Project/introscala-mobiskill/sbt/repository/repository/cache/org.scala-sbt/test-agent/ivy-0.12.4.xml" searched="true" original-local-location="/Users/jon/Project/introscala-mobiskill/sbt/repository/repository/cache/org.scala-sbt/test-agent/ivy-0.12.4.xml.original" origin-is-local="false" origin-location="http://repo.typesafe.com/typesafe/ivy-releases/org.scala-sbt/test-agent/0.12.4/ivys/ivy.xml"/>
				<caller organisation="org.scala-sbt" name="testing" conf="compile" rev="0.12.4" rev-constraint-default="0.12.4" rev-constraint-dynamic="0.12.4" callerrev="0.12.4"/>
				<artifacts>
					<artifact name="test-agent" type="jar" ext="jar" status="successful" details="" size="11371" time="776" location="/Users/jon/Project/introscala-mobiskill/sbt/repository/repository/cache/org.scala-sbt/test-agent/jars/test-agent-0.12.4.jar">
						<origin-location is-local="false" location="http://repo.typesafe.com/typesafe/ivy-releases/org.scala-sbt/test-agent/0.12.4/jars/test-agent.jar"/>
					</artifact>
				</artifacts>
			</revision>
		</module>
		<module organisation="org.scala-tools.testing" name="test-interface">
			<revision name="0.5" status="release" pubdate="20100328003658" resolver="Maven Central" artresolver="Maven Central" homepage="" downloaded="true" searched="true" default="false" conf="default(compile), default, compile, runtime, master" position="36">
				<metadata-artifact status="successful" details="" size="688" time="671" location="/Users/jon/Project/introscala-mobiskill/sbt/repository/repository/cache/org.scala-tools.testing/test-interface/ivy-0.5.xml" searched="true" original-local-location="/Users/jon/Project/introscala-mobiskill/sbt/repository/repository/cache/org.scala-tools.testing/test-interface/ivy-0.5.xml.original" origin-is-local="false" origin-location="http://repo1.maven.org/maven2/org/scala-tools/testing/test-interface/0.5/test-interface-0.5.pom"/>
				<caller organisation="org.scala-sbt" name="testing" conf="compile" rev="0.5" rev-constraint-default="0.5" rev-constraint-dynamic="0.5" callerrev="0.12.4"/>
				<caller organisation="org.scala-sbt" name="test-agent" conf="compile" rev="0.5" rev-constraint-default="0.5" rev-constraint-dynamic="0.5" callerrev="0.12.4"/>
				<artifacts>
					<artifact name="test-interface" type="jar" ext="jar" status="successful" details="" size="4407" time="455" location="/Users/jon/Project/introscala-mobiskill/sbt/repository/repository/cache/org.scala-tools.testing/test-interface/jars/test-interface-0.5.jar">
						<origin-location is-local="false" location="http://repo1.maven.org/maven2/org/scala-tools/testing/test-interface/0.5/test-interface-0.5.jar"/>
					</artifact>
				</artifacts>
			</revision>
		</module>
		<module organisation="org.scala-sbt" name="tracking">
			<revision name="0.12.4" status="release" pubdate="20130626161450" resolver="typesafe-ivy-releases" artresolver="typesafe-ivy-releases" downloaded="true" searched="true" default="false" conf="default(compile), compile" position="32">
				<metadata-artifact status="successful" details="" size="1765" time="540" location="/Users/jon/Project/introscala-mobiskill/sbt/repository/repository/cache/org.scala-sbt/tracking/ivy-0.12.4.xml" searched="true" original-local-location="/Users/jon/Project/introscala-mobiskill/sbt/repository/repository/cache/org.scala-sbt/tracking/ivy-0.12.4.xml.original" origin-is-local="false" origin-location="http://repo.typesafe.com/typesafe/ivy-releases/org.scala-sbt/tracking/0.12.4/ivys/ivy.xml"/>
				<caller organisation="org.scala-sbt" name="actions" conf="compile" rev="0.12.4" rev-constraint-default="0.12.4" rev-constraint-dynamic="0.12.4" callerrev="0.12.4"/>
				<artifacts>
					<artifact name="tracking" type="jar" ext="jar" status="successful" details="" size="43063" time="1618" location="/Users/jon/Project/introscala-mobiskill/sbt/repository/repository/cache/org.scala-sbt/tracking/jars/tracking-0.12.4.jar">
						<origin-location is-local="false" location="http://repo.typesafe.com/typesafe/ivy-releases/org.scala-sbt/tracking/0.12.4/jars/tracking.jar"/>
					</artifact>
				</artifacts>
			</revision>
		</module>
		<module organisation="org.scala-sbt" name="cache">
			<revision name="0.12.4" status="release" pubdate="20130626161447" resolver="typesafe-ivy-releases" artresolver="typesafe-ivy-releases" downloaded="true" searched="true" default="false" conf="default(compile), compile" position="33">
				<metadata-artifact status="successful" details="" size="1871" time="524" location="/Users/jon/Project/introscala-mobiskill/sbt/repository/repository/cache/org.scala-sbt/cache/ivy-0.12.4.xml" searched="true" original-local-location="/Users/jon/Project/introscala-mobiskill/sbt/repository/repository/cache/org.scala-sbt/cache/ivy-0.12.4.xml.original" origin-is-local="false" origin-location="http://repo.typesafe.com/typesafe/ivy-releases/org.scala-sbt/cache/0.12.4/ivys/ivy.xml"/>
				<caller organisation="org.scala-sbt" name="tracking" conf="compile" rev="0.12.4" rev-constraint-default="0.12.4" rev-constraint-dynamic="0.12.4" callerrev="0.12.4"/>
				<artifacts>
					<artifact name="cache" type="jar" ext="jar" status="successful" details="" size="113060" time="4501" location="/Users/jon/Project/introscala-mobiskill/sbt/repository/repository/cache/org.scala-sbt/cache/jars/cache-0.12.4.jar">
						<origin-location is-local="false" location="http://repo.typesafe.com/typesafe/ivy-releases/org.scala-sbt/cache/0.12.4/jars/cache.jar"/>
					</artifact>
				</artifacts>
			</revision>
		</module>
		<module organisation="org.scala-sbt" name="task-system">
			<revision name="0.12.4" status="release" pubdate="20130626161452" resolver="typesafe-ivy-releases" artresolver="typesafe-ivy-releases" downloaded="true" searched="true" default="false" conf="default(compile), compile" position="30">
				<metadata-artifact status="successful" details="" size="2300" time="522" location="/Users/jon/Project/introscala-mobiskill/sbt/repository/repository/cache/org.scala-sbt/task-system/ivy-0.12.4.xml" searched="true" original-local-location="/Users/jon/Project/introscala-mobiskill/sbt/repository/repository/cache/org.scala-sbt/task-system/ivy-0.12.4.xml.original" origin-is-local="false" origin-location="http://repo.typesafe.com/typesafe/ivy-releases/org.scala-sbt/task-system/0.12.4/ivys/ivy.xml"/>
				<caller organisation="org.scala-sbt" name="actions" conf="compile" rev="0.12.4" rev-constraint-default="0.12.4" rev-constraint-dynamic="0.12.4" callerrev="0.12.4"/>
				<artifacts>
					<artifact name="task-system" type="jar" ext="jar" status="successful" details="" size="126045" time="963" location="/Users/jon/Project/introscala-mobiskill/sbt/repository/repository/cache/org.scala-sbt/task-system/jars/task-system-0.12.4.jar">
						<origin-location is-local="false" location="http://repo.typesafe.com/typesafe/ivy-releases/org.scala-sbt/task-system/0.12.4/jars/task-system.jar"/>
					</artifact>
				</artifacts>
			</revision>
		</module>
		<module organisation="org.scala-sbt" name="tasks">
			<revision name="0.12.4" status="release" pubdate="20130626161447" resolver="typesafe-ivy-releases" artresolver="typesafe-ivy-releases" downloaded="true" searched="true" default="false" conf="default(compile), compile" position="31">
				<metadata-artifact status="successful" details="" size="1981" time="536" location="/Users/jon/Project/introscala-mobiskill/sbt/repository/repository/cache/org.scala-sbt/tasks/ivy-0.12.4.xml" searched="true" original-local-location="/Users/jon/Project/introscala-mobiskill/sbt/repository/repository/cache/org.scala-sbt/tasks/ivy-0.12.4.xml.original" origin-is-local="false" origin-location="http://repo.typesafe.com/typesafe/ivy-releases/org.scala-sbt/tasks/0.12.4/ivys/ivy.xml"/>
				<caller organisation="org.scala-sbt" name="actions" conf="compile" rev="0.12.4" rev-constraint-default="0.12.4" rev-constraint-dynamic="0.12.4" callerrev="0.12.4"/>
				<caller organisation="org.scala-sbt" name="task-system" conf="compile" rev="0.12.4" rev-constraint-default="0.12.4" rev-constraint-dynamic="0.12.4" callerrev="0.12.4"/>
				<artifacts>
					<artifact name="tasks" type="jar" ext="jar" status="successful" details="" size="121428" time="1581" location="/Users/jon/Project/introscala-mobiskill/sbt/repository/repository/cache/org.scala-sbt/tasks/jars/tasks-0.12.4.jar">
						<origin-location is-local="false" location="http://repo.typesafe.com/typesafe/ivy-releases/org.scala-sbt/tasks/0.12.4/jars/tasks.jar"/>
					</artifact>
				</artifacts>
			</revision>
		</module>
		<module organisation="org.scala-sbt" name="run">
			<revision name="0.12.4" status="release" pubdate="20130626161452" resolver="typesafe-ivy-releases" artresolver="typesafe-ivy-releases" downloaded="true" searched="true" default="false" conf="default(compile), compile" position="29">
				<metadata-artifact status="successful" details="" size="1943" time="516" location="/Users/jon/Project/introscala-mobiskill/sbt/repository/repository/cache/org.scala-sbt/run/ivy-0.12.4.xml" searched="true" original-local-location="/Users/jon/Project/introscala-mobiskill/sbt/repository/repository/cache/org.scala-sbt/run/ivy-0.12.4.xml.original" origin-is-local="false" origin-location="http://repo.typesafe.com/typesafe/ivy-releases/org.scala-sbt/run/0.12.4/ivys/ivy.xml"/>
				<caller organisation="org.scala-sbt" name="main" conf="compile" rev="0.12.4" rev-constraint-default="0.12.4" rev-constraint-dynamic="0.12.4" callerrev="0.12.4"/>
				<caller organisation="org.scala-sbt" name="actions" conf="compile" rev="0.12.4" rev-constraint-default="0.12.4" rev-constraint-dynamic="0.12.4" callerrev="0.12.4"/>
				<artifacts>
					<artifact name="run" type="jar" ext="jar" status="successful" details="" size="92533" time="2172" location="/Users/jon/Project/introscala-mobiskill/sbt/repository/repository/cache/org.scala-sbt/run/jars/run-0.12.4.jar">
						<origin-location is-local="false" location="http://repo.typesafe.com/typesafe/ivy-releases/org.scala-sbt/run/0.12.4/jars/run.jar"/>
					</artifact>
				</artifacts>
			</revision>
		</module>
		<module organisation="org.scala-sbt" name="compiler-ivy-integration">
			<revision name="0.12.4" status="release" pubdate="20130626161452" resolver="typesafe-ivy-releases" artresolver="typesafe-ivy-releases" downloaded="true" searched="true" default="false" conf="default(compile), compile" position="22">
				<metadata-artifact status="successful" details="" size="1832" time="1218" location="/Users/jon/Project/introscala-mobiskill/sbt/repository/repository/cache/org.scala-sbt/compiler-ivy-integration/ivy-0.12.4.xml" searched="true" original-local-location="/Users/jon/Project/introscala-mobiskill/sbt/repository/repository/cache/org.scala-sbt/compiler-ivy-integration/ivy-0.12.4.xml.original" origin-is-local="false" origin-location="http://repo.typesafe.com/typesafe/ivy-releases/org.scala-sbt/compiler-ivy-integration/0.12.4/ivys/ivy.xml"/>
				<caller organisation="org.scala-sbt" name="actions" conf="compile" rev="0.12.4" rev-constraint-default="0.12.4" rev-constraint-dynamic="0.12.4" callerrev="0.12.4"/>
				<artifacts>
					<artifact name="compiler-ivy-integration" type="jar" ext="jar" status="successful" details="" size="8595" time="678" location="/Users/jon/Project/introscala-mobiskill/sbt/repository/repository/cache/org.scala-sbt/compiler-ivy-integration/jars/compiler-ivy-integration-0.12.4.jar">
						<origin-location is-local="false" location="http://repo.typesafe.com/typesafe/ivy-releases/org.scala-sbt/compiler-ivy-integration/0.12.4/jars/compiler-ivy-integration.jar"/>
					</artifact>
				</artifacts>
			</revision>
		</module>
		<module organisation="org.scala-sbt" name="ivy">
			<revision name="0.12.4" status="release" pubdate="20130626161452" resolver="typesafe-ivy-releases" artresolver="typesafe-ivy-releases" downloaded="true" searched="true" default="false" conf="default(compile), compile" position="23">
				<metadata-artifact status="successful" details="" size="2396" time="1148" location="/Users/jon/Project/introscala-mobiskill/sbt/repository/repository/cache/org.scala-sbt/ivy/ivy-0.12.4.xml" searched="true" original-local-location="/Users/jon/Project/introscala-mobiskill/sbt/repository/repository/cache/org.scala-sbt/ivy/ivy-0.12.4.xml.original" origin-is-local="false" origin-location="http://repo.typesafe.com/typesafe/ivy-releases/org.scala-sbt/ivy/0.12.4/ivys/ivy.xml"/>
				<caller organisation="org.scala-sbt" name="main" conf="compile" rev="0.12.4" rev-constraint-default="0.12.4" rev-constraint-dynamic="0.12.4" callerrev="0.12.4"/>
				<caller organisation="org.scala-sbt" name="actions" conf="compile" rev="0.12.4" rev-constraint-default="0.12.4" rev-constraint-dynamic="0.12.4" callerrev="0.12.4"/>
				<caller organisation="org.scala-sbt" name="compiler-ivy-integration" conf="compile" rev="0.12.4" rev-constraint-default="0.12.4" rev-constraint-dynamic="0.12.4" callerrev="0.12.4"/>
				<artifacts>
					<artifact name="ivy" type="jar" ext="jar" status="successful" details="" size="638901" time="1955" location="/Users/jon/Project/introscala-mobiskill/sbt/repository/repository/cache/org.scala-sbt/ivy/jars/ivy-0.12.4.jar">
						<origin-location is-local="false" location="http://repo.typesafe.com/typesafe/ivy-releases/org.scala-sbt/ivy/0.12.4/jars/ivy.jar"/>
					</artifact>
				</artifacts>
			</revision>
		</module>
		<module organisation="commons-httpclient" name="commons-httpclient">
			<revision name="3.1" status="release" pubdate="20070821154407" resolver="Maven Central" artresolver="Maven Central" homepage="http://jakarta.apache.org/httpcomponents/httpclient-3.x/" downloaded="true" searched="true" default="false" conf="default(compile), default, compile, runtime, master" position="26">
				<license name="Apache License" url="http://www.apache.org/licenses/LICENSE-2.0"/>
				<metadata-artifact status="successful" details="" size="7763" time="424" location="/Users/jon/Project/introscala-mobiskill/sbt/repository/repository/cache/commons-httpclient/commons-httpclient/ivy-3.1.xml" searched="true" original-local-location="/Users/jon/Project/introscala-mobiskill/sbt/repository/repository/cache/commons-httpclient/commons-httpclient/ivy-3.1.xml.original" origin-is-local="false" origin-location="http://repo1.maven.org/maven2/commons-httpclient/commons-httpclient/3.1/commons-httpclient-3.1.pom"/>
				<caller organisation="org.scala-sbt" name="ivy" conf="compile" rev="3.1" rev-constraint-default="3.1" rev-constraint-dynamic="3.1" callerrev="0.12.4"/>
				<artifacts>
					<artifact name="commons-httpclient" type="jar" ext="jar" status="successful" details="" size="305001" time="1668" location="/Users/jon/Project/introscala-mobiskill/sbt/repository/repository/cache/commons-httpclient/commons-httpclient/jars/commons-httpclient-3.1.jar">
						<origin-location is-local="false" location="http://repo1.maven.org/maven2/commons-httpclient/commons-httpclient/3.1/commons-httpclient-3.1.jar"/>
					</artifact>
				</artifacts>
			</revision>
		</module>
		<module organisation="commons-codec" name="commons-codec">
			<revision name="1.2" status="release" pubdate="20051124062017" resolver="Maven Central" artresolver="Maven Central" homepage="" downloaded="true" searched="true" default="false" conf="compile, master(*), runtime, compile(*), runtime(*), master" position="28">
				<metadata-artifact status="successful" details="" size="3825" time="385" location="/Users/jon/Project/introscala-mobiskill/sbt/repository/repository/cache/commons-codec/commons-codec/ivy-1.2.xml" searched="true" original-local-location="/Users/jon/Project/introscala-mobiskill/sbt/repository/repository/cache/commons-codec/commons-codec/ivy-1.2.xml.original" origin-is-local="false" origin-location="http://repo1.maven.org/maven2/commons-codec/commons-codec/1.2/commons-codec-1.2.pom"/>
				<caller organisation="commons-httpclient" name="commons-httpclient" conf="default, compile, runtime, master" rev="1.2" rev-constraint-default="1.2" rev-constraint-dynamic="1.2" callerrev="3.1"/>
				<artifacts>
					<artifact name="commons-codec" type="jar" ext="jar" status="successful" details="" size="30085" time="989" location="/Users/jon/Project/introscala-mobiskill/sbt/repository/repository/cache/commons-codec/commons-codec/jars/commons-codec-1.2.jar">
						<origin-location is-local="false" location="http://repo1.maven.org/maven2/commons-codec/commons-codec/1.2/commons-codec-1.2.jar"/>
					</artifact>
				</artifacts>
			</revision>
		</module>
		<module organisation="commons-logging" name="commons-logging">
			<revision name="1.0.4" status="release" pubdate="20051108231641" resolver="Maven Central" artresolver="Maven Central" homepage="http://jakarta.apache.org/commons/logging/" downloaded="true" searched="true" default="false" conf="compile, master(*), runtime, compile(*), runtime(*), master" position="27">
				<license name="The Apache Software License, Version 2.0" url="/LICENSE.txt"/>
				<metadata-artifact status="successful" details="" size="5264" time="470" location="/Users/jon/Project/introscala-mobiskill/sbt/repository/repository/cache/commons-logging/commons-logging/ivy-1.0.4.xml" searched="true" original-local-location="/Users/jon/Project/introscala-mobiskill/sbt/repository/repository/cache/commons-logging/commons-logging/ivy-1.0.4.xml.original" origin-is-local="false" origin-location="http://repo1.maven.org/maven2/commons-logging/commons-logging/1.0.4/commons-logging-1.0.4.pom"/>
				<caller organisation="commons-httpclient" name="commons-httpclient" conf="default, compile, runtime, master" rev="1.0.4" rev-constraint-default="1.0.4" rev-constraint-dynamic="1.0.4" callerrev="3.1"/>
				<artifacts>
					<artifact name="commons-logging" type="jar" ext="jar" status="successful" details="" size="38015" time="509" location="/Users/jon/Project/introscala-mobiskill/sbt/repository/repository/cache/commons-logging/commons-logging/jars/commons-logging-1.0.4.jar">
						<origin-location is-local="false" location="http://repo1.maven.org/maven2/commons-logging/commons-logging/1.0.4/commons-logging-1.0.4.jar"/>
					</artifact>
				</artifacts>
			</revision>
		</module>
		<module organisation="com.jcraft" name="jsch">
			<revision name="0.1.46" status="release" pubdate="20120202133927" resolver="Maven Central" artresolver="Maven Central" homepage="http://www.jcraft.com/jsch/" downloaded="true" searched="true" default="false" conf="default(compile), default, compile, runtime, master" position="25">
				<license name="Revised BSD" url="http://www.jcraft.com/jsch/LICENSE.txt"/>
				<metadata-artifact status="successful" details="" size="3395" time="451" location="/Users/jon/Project/introscala-mobiskill/sbt/repository/repository/cache/com.jcraft/jsch/ivy-0.1.46.xml" searched="true" original-local-location="/Users/jon/Project/introscala-mobiskill/sbt/repository/repository/cache/com.jcraft/jsch/ivy-0.1.46.xml.original" origin-is-local="false" origin-location="http://repo1.maven.org/maven2/com/jcraft/jsch/0.1.46/jsch-0.1.46.pom"/>
				<caller organisation="org.scala-sbt" name="ivy" conf="compile" rev="0.1.46" rev-constraint-default="0.1.46" rev-constraint-dynamic="0.1.46" callerrev="0.12.4"/>
				<artifacts>
					<artifact name="jsch" type="jar" ext="jar" status="successful" details="" size="225751" time="1743" location="/Users/jon/Project/introscala-mobiskill/sbt/repository/repository/cache/com.jcraft/jsch/jars/jsch-0.1.46.jar">
						<origin-location is-local="false" location="http://repo1.maven.org/maven2/com/jcraft/jsch/0.1.46/jsch-0.1.46.jar"/>
					</artifact>
				</artifacts>
			</revision>
		</module>
		<module organisation="org.apache.ivy" name="ivy">
			<revision name="2.3.0-rc1" status="release" pubdate="20120501075937" resolver="Maven Central" artresolver="Maven Central" homepage="http://ant.apache.org/ivy/" downloaded="true" searched="true" default="false" conf="default(compile), default, compile, runtime, master" position="24">
				<metadata-artifact status="successful" details="" size="5428" time="401" location="/Users/jon/Project/introscala-mobiskill/sbt/repository/repository/cache/org.apache.ivy/ivy/ivy-2.3.0-rc1.xml" searched="true" original-local-location="/Users/jon/Project/introscala-mobiskill/sbt/repository/repository/cache/org.apache.ivy/ivy/ivy-2.3.0-rc1.xml.original" origin-is-local="false" origin-location="http://repo1.maven.org/maven2/org/apache/ivy/ivy/2.3.0-rc1/ivy-2.3.0-rc1.pom"/>
				<caller organisation="org.scala-sbt" name="ivy" conf="compile" rev="2.3.0-rc1" rev-constraint-default="2.3.0-rc1" rev-constraint-dynamic="2.3.0-rc1" callerrev="0.12.4"/>
				<artifacts>
					<artifact name="ivy" type="jar" ext="jar" status="successful" details="" size="1214376" time="2875" location="/Users/jon/Project/introscala-mobiskill/sbt/repository/repository/cache/org.apache.ivy/ivy/jars/ivy-2.3.0-rc1.jar">
						<origin-location is-local="false" location="http://repo1.maven.org/maven2/org/apache/ivy/ivy/2.3.0-rc1/ivy-2.3.0-rc1.jar"/>
					</artifact>
				</artifacts>
			</revision>
		</module>
		<module organisation="org.scala-sbt" name="compiler-integration">
			<revision name="0.12.4" status="release" pubdate="20130626161505" resolver="typesafe-ivy-releases" artresolver="typesafe-ivy-releases" downloaded="true" searched="true" default="false" conf="default(compile), compile" position="14">
				<metadata-artifact status="successful" details="" size="2122" time="571" location="/Users/jon/Project/introscala-mobiskill/sbt/repository/repository/cache/org.scala-sbt/compiler-integration/ivy-0.12.4.xml" searched="true" original-local-location="/Users/jon/Project/introscala-mobiskill/sbt/repository/repository/cache/org.scala-sbt/compiler-integration/ivy-0.12.4.xml.original" origin-is-local="false" origin-location="http://repo.typesafe.com/typesafe/ivy-releases/org.scala-sbt/compiler-integration/0.12.4/ivys/ivy.xml"/>
				<caller organisation="org.scala-sbt" name="actions" conf="compile" rev="0.12.4" rev-constraint-default="0.12.4" rev-constraint-dynamic="0.12.4" callerrev="0.12.4"/>
				<artifacts>
					<artifact name="compiler-integration" type="jar" ext="jar" status="successful" details="" size="48379" time="1501" location="/Users/jon/Project/introscala-mobiskill/sbt/repository/repository/cache/org.scala-sbt/compiler-integration/jars/compiler-integration-0.12.4.jar">
						<origin-location is-local="false" location="http://repo.typesafe.com/typesafe/ivy-releases/org.scala-sbt/compiler-integration/0.12.4/jars/compiler-integration.jar"/>
					</artifact>
				</artifacts>
			</revision>
		</module>
		<module organisation="org.scala-sbt" name="classfile">
			<revision name="0.12.4" status="release" pubdate="20130626161452" resolver="typesafe-ivy-releases" artresolver="typesafe-ivy-releases" downloaded="true" searched="true" default="false" conf="default(compile), compile" position="21">
				<metadata-artifact status="successful" details="" size="2107" time="1113" location="/Users/jon/Project/introscala-mobiskill/sbt/repository/repository/cache/org.scala-sbt/classfile/ivy-0.12.4.xml" searched="true" original-local-location="/Users/jon/Project/introscala-mobiskill/sbt/repository/repository/cache/org.scala-sbt/classfile/ivy-0.12.4.xml.original" origin-is-local="false" origin-location="http://repo.typesafe.com/typesafe/ivy-releases/org.scala-sbt/classfile/0.12.4/ivys/ivy.xml"/>
				<caller organisation="org.scala-sbt" name="compiler-integration" conf="compile" rev="0.12.4" rev-constraint-default="0.12.4" rev-constraint-dynamic="0.12.4" callerrev="0.12.4"/>
				<artifacts>
					<artifact name="classfile" type="jar" ext="jar" status="successful" details="" size="78520" time="2864" location="/Users/jon/Project/introscala-mobiskill/sbt/repository/repository/cache/org.scala-sbt/classfile/jars/classfile-0.12.4.jar">
						<origin-location is-local="false" location="http://repo.typesafe.com/typesafe/ivy-releases/org.scala-sbt/classfile/0.12.4/jars/classfile.jar"/>
					</artifact>
				</artifacts>
			</revision>
		</module>
		<module organisation="org.scala-sbt" name="persist">
			<revision name="0.12.4" status="release" pubdate="20130626161452" resolver="typesafe-ivy-releases" artresolver="typesafe-ivy-releases" downloaded="true" searched="true" default="false" conf="default(compile), compile" position="19">
				<metadata-artifact status="successful" details="" size="1889" time="547" location="/Users/jon/Project/introscala-mobiskill/sbt/repository/repository/cache/org.scala-sbt/persist/ivy-0.12.4.xml" searched="true" original-local-location="/Users/jon/Project/introscala-mobiskill/sbt/repository/repository/cache/org.scala-sbt/persist/ivy-0.12.4.xml.original" origin-is-local="false" origin-location="http://repo.typesafe.com/typesafe/ivy-releases/org.scala-sbt/persist/0.12.4/ivys/ivy.xml"/>
				<caller organisation="org.scala-sbt" name="compiler-integration" conf="compile" rev="0.12.4" rev-constraint-default="0.12.4" rev-constraint-dynamic="0.12.4" callerrev="0.12.4"/>
				<artifacts>
					<artifact name="persist" type="jar" ext="jar" status="successful" details="" size="127062" time="1729" location="/Users/jon/Project/introscala-mobiskill/sbt/repository/repository/cache/org.scala-sbt/persist/jars/persist-0.12.4.jar">
						<origin-location is-local="false" location="http://repo.typesafe.com/typesafe/ivy-releases/org.scala-sbt/persist/0.12.4/jars/persist.jar"/>
					</artifact>
				</artifacts>
			</revision>
		</module>
		<module organisation="org.scala-tools.sbinary" name="sbinary_2.9.0">
			<revision name="0.4.0" status="release" pubdate="20110518020638" resolver="Maven Central" artresolver="Maven Central" homepage="" downloaded="true" searched="true" default="false" conf="default(compile), default, compile, runtime, master" position="20">
				<metadata-artifact status="successful" details="" size="947" time="442" location="/Users/jon/Project/introscala-mobiskill/sbt/repository/repository/cache/org.scala-tools.sbinary/sbinary_2.9.0/ivy-0.4.0.xml" searched="true" original-local-location="/Users/jon/Project/introscala-mobiskill/sbt/repository/repository/cache/org.scala-tools.sbinary/sbinary_2.9.0/ivy-0.4.0.xml.original" origin-is-local="false" origin-location="http://repo1.maven.org/maven2/org/scala-tools/sbinary/sbinary_2.9.0/0.4.0/sbinary_2.9.0-0.4.0.pom"/>
				<caller organisation="org.scala-sbt" name="persist" conf="compile" rev="0.4.0" rev-constraint-default="0.4.0" rev-constraint-dynamic="0.4.0" callerrev="0.12.4"/>
				<caller organisation="org.scala-sbt" name="cache" conf="compile" rev="0.4.0" rev-constraint-default="0.4.0" rev-constraint-dynamic="0.4.0" callerrev="0.12.4"/>
				<artifacts>
					<artifact name="sbinary_2.9.0" type="jar" ext="jar" status="successful" details="" size="148882" time="597" location="/Users/jon/Project/introscala-mobiskill/sbt/repository/repository/cache/org.scala-tools.sbinary/sbinary_2.9.0/jars/sbinary_2.9.0-0.4.0.jar">
						<origin-location is-local="false" location="http://repo1.maven.org/maven2/org/scala-tools/sbinary/sbinary_2.9.0/0.4.0/sbinary_2.9.0-0.4.0.jar"/>
					</artifact>
				</artifacts>
			</revision>
		</module>
		<module organisation="org.scala-sbt" name="compile">
			<revision name="0.12.4" status="release" pubdate="20130626161452" resolver="typesafe-ivy-releases" artresolver="typesafe-ivy-releases" downloaded="true" searched="true" default="false" conf="default(compile), compile" position="18">
				<metadata-artifact status="successful" details="" size="2602" time="598" location="/Users/jon/Project/introscala-mobiskill/sbt/repository/repository/cache/org.scala-sbt/compile/ivy-0.12.4.xml" searched="true" original-local-location="/Users/jon/Project/introscala-mobiskill/sbt/repository/repository/cache/org.scala-sbt/compile/ivy-0.12.4.xml.original" origin-is-local="false" origin-location="http://repo.typesafe.com/typesafe/ivy-releases/org.scala-sbt/compile/0.12.4/ivys/ivy.xml"/>
				<caller organisation="org.scala-sbt" name="compiler-integration" conf="compile" rev="0.12.4" rev-constraint-default="0.12.4" rev-constraint-dynamic="0.12.4" callerrev="0.12.4"/>
				<caller organisation="org.scala-sbt" name="compiler-ivy-integration" conf="compile" rev="0.12.4" rev-constraint-default="0.12.4" rev-constraint-dynamic="0.12.4" callerrev="0.12.4"/>
				<artifacts>
					<artifact name="compile" type="jar" ext="jar" status="successful" details="" size="133106" time="1414" location="/Users/jon/Project/introscala-mobiskill/sbt/repository/repository/cache/org.scala-sbt/compile/jars/compile-0.12.4.jar">
						<origin-location is-local="false" location="http://repo.typesafe.com/typesafe/ivy-releases/org.scala-sbt/compile/0.12.4/jars/compile.jar"/>
					</artifact>
				</artifacts>
			</revision>
		</module>
		<module organisation="org.scala-sbt" name="incremental-compiler">
			<revision name="0.12.4" status="release" pubdate="20130626161452" resolver="typesafe-ivy-releases" artresolver="typesafe-ivy-releases" downloaded="true" searched="true" default="false" conf="default(compile), compile" position="15">
				<metadata-artifact status="successful" details="" size="2325" time="530" location="/Users/jon/Project/introscala-mobiskill/sbt/repository/repository/cache/org.scala-sbt/incremental-compiler/ivy-0.12.4.xml" searched="true" original-local-location="/Users/jon/Project/introscala-mobiskill/sbt/repository/repository/cache/org.scala-sbt/incremental-compiler/ivy-0.12.4.xml.original" origin-is-local="false" origin-location="http://repo.typesafe.com/typesafe/ivy-releases/org.scala-sbt/incremental-compiler/0.12.4/ivys/ivy.xml"/>
				<caller organisation="org.scala-sbt" name="persist" conf="compile" rev="0.12.4" rev-constraint-default="0.12.4" rev-constraint-dynamic="0.12.4" callerrev="0.12.4"/>
				<caller organisation="org.scala-sbt" name="compiler-integration" conf="compile" rev="0.12.4" rev-constraint-default="0.12.4" rev-constraint-dynamic="0.12.4" callerrev="0.12.4"/>
				<artifacts>
					<artifact name="incremental-compiler" type="jar" ext="jar" status="successful" details="" size="185084" time="3317" location="/Users/jon/Project/introscala-mobiskill/sbt/repository/repository/cache/org.scala-sbt/incremental-compiler/jars/incremental-compiler-0.12.4.jar">
						<origin-location is-local="false" location="http://repo.typesafe.com/typesafe/ivy-releases/org.scala-sbt/incremental-compiler/0.12.4/jars/incremental-compiler.jar"/>
					</artifact>
				</artifacts>
			</revision>
		</module>
		<module organisation="org.scala-sbt" name="logging">
			<revision name="0.12.4" status="release" pubdate="20130626161447" resolver="typesafe-ivy-releases" artresolver="typesafe-ivy-releases" downloaded="true" searched="true" default="false" conf="default(compile), compile" position="16">
				<metadata-artifact status="successful" details="" size="2111" time="974" location="/Users/jon/Project/introscala-mobiskill/sbt/repository/repository/cache/org.scala-sbt/logging/ivy-0.12.4.xml" searched="true" original-local-location="/Users/jon/Project/introscala-mobiskill/sbt/repository/repository/cache/org.scala-sbt/logging/ivy-0.12.4.xml.original" origin-is-local="false" origin-location="http://repo.typesafe.com/typesafe/ivy-releases/org.scala-sbt/logging/0.12.4/ivys/ivy.xml"/>
				<caller organisation="org.scala-sbt" name="testing" conf="compile" rev="0.12.4" rev-constraint-default="0.12.4" rev-constraint-dynamic="0.12.4" callerrev="0.12.4"/>
				<caller organisation="org.scala-sbt" name="command" conf="compile" rev="0.12.4" rev-constraint-default="0.12.4" rev-constraint-dynamic="0.12.4" callerrev="0.12.4"/>
				<caller organisation="org.scala-sbt" name="main" conf="compile" rev="0.12.4" rev-constraint-default="0.12.4" rev-constraint-dynamic="0.12.4" callerrev="0.12.4"/>
				<caller organisation="org.scala-sbt" name="incremental-compiler" conf="compile" rev="0.12.4" rev-constraint-default="0.12.4" rev-constraint-dynamic="0.12.4" callerrev="0.12.4"/>
				<caller organisation="org.scala-sbt" name="run" conf="compile" rev="0.12.4" rev-constraint-default="0.12.4" rev-constraint-dynamic="0.12.4" callerrev="0.12.4"/>
				<caller organisation="org.scala-sbt" name="actions" conf="compile" rev="0.12.4" rev-constraint-default="0.12.4" rev-constraint-dynamic="0.12.4" callerrev="0.12.4"/>
				<caller organisation="org.scala-sbt" name="ivy" conf="compile" rev="0.12.4" rev-constraint-default="0.12.4" rev-constraint-dynamic="0.12.4" callerrev="0.12.4"/>
				<caller organisation="org.scala-sbt" name="classfile" conf="compile" rev="0.12.4" rev-constraint-default="0.12.4" rev-constraint-dynamic="0.12.4" callerrev="0.12.4"/>
				<caller organisation="org.scala-sbt" name="task-system" conf="compile" rev="0.12.4" rev-constraint-default="0.12.4" rev-constraint-dynamic="0.12.4" callerrev="0.12.4"/>
				<caller organisation="org.scala-sbt" name="compile" conf="compile" rev="0.12.4" rev-constraint-default="0.12.4" rev-constraint-dynamic="0.12.4" callerrev="0.12.4"/>
				<artifacts>
					<artifact name="logging" type="jar" ext="jar" status="successful" details="" size="103592" time="2679" location="/Users/jon/Project/introscala-mobiskill/sbt/repository/repository/cache/org.scala-sbt/logging/jars/logging-0.12.4.jar">
						<origin-location is-local="false" location="http://repo.typesafe.com/typesafe/ivy-releases/org.scala-sbt/logging/0.12.4/jars/logging.jar"/>
					</artifact>
				</artifacts>
			</revision>
		</module>
		<module organisation="org.scala-sbt" name="process">
			<revision name="0.12.4" status="release" pubdate="20130626161447" resolver="typesafe-ivy-releases" artresolver="typesafe-ivy-releases" downloaded="true" searched="true" default="false" conf="default(compile), compile" position="17">
				<metadata-artifact status="successful" details="" size="1651" time="526" location="/Users/jon/Project/introscala-mobiskill/sbt/repository/repository/cache/org.scala-sbt/process/ivy-0.12.4.xml" searched="true" original-local-location="/Users/jon/Project/introscala-mobiskill/sbt/repository/repository/cache/org.scala-sbt/process/ivy-0.12.4.xml.original" origin-is-local="false" origin-location="http://repo.typesafe.com/typesafe/ivy-releases/org.scala-sbt/process/0.12.4/ivys/ivy.xml"/>
				<caller organisation="org.scala-sbt" name="logging" conf="compile" rev="0.12.4" rev-constraint-default="0.12.4" rev-constraint-dynamic="0.12.4" callerrev="0.12.4"/>
				<caller organisation="org.scala-sbt" name="main" conf="compile" rev="0.12.4" rev-constraint-default="0.12.4" rev-constraint-dynamic="0.12.4" callerrev="0.12.4"/>
				<caller organisation="org.scala-sbt" name="run" conf="compile" rev="0.12.4" rev-constraint-default="0.12.4" rev-constraint-dynamic="0.12.4" callerrev="0.12.4"/>
				<caller organisation="org.scala-sbt" name="actions" conf="compile" rev="0.12.4" rev-constraint-default="0.12.4" rev-constraint-dynamic="0.12.4" callerrev="0.12.4"/>
				<caller organisation="org.scala-sbt" name="task-system" conf="compile" rev="0.12.4" rev-constraint-default="0.12.4" rev-constraint-dynamic="0.12.4" callerrev="0.12.4"/>
				<artifacts>
					<artifact name="process" type="jar" ext="jar" status="successful" details="" size="117500" time="1301" location="/Users/jon/Project/introscala-mobiskill/sbt/repository/repository/cache/org.scala-sbt/process/jars/process-0.12.4.jar">
						<origin-location is-local="false" location="http://repo.typesafe.com/typesafe/ivy-releases/org.scala-sbt/process/0.12.4/jars/process.jar"/>
					</artifact>
				</artifacts>
			</revision>
		</module>
		<module organisation="org.scala-sbt" name="api">
			<revision name="0.12.4" status="release" pubdate="20130626161447" resolver="typesafe-ivy-releases" artresolver="typesafe-ivy-releases" downloaded="true" searched="true" default="false" conf="default(compile), compile" position="13">
				<metadata-artifact status="successful" details="" size="1894" time="518" location="/Users/jon/Project/introscala-mobiskill/sbt/repository/repository/cache/org.scala-sbt/api/ivy-0.12.4.xml" searched="true" original-local-location="/Users/jon/Project/introscala-mobiskill/sbt/repository/repository/cache/org.scala-sbt/api/ivy-0.12.4.xml.original" origin-is-local="false" origin-location="http://repo.typesafe.com/typesafe/ivy-releases/org.scala-sbt/api/0.12.4/ivys/ivy.xml"/>
				<caller organisation="org.scala-sbt" name="persist" conf="compile" rev="0.12.4" rev-constraint-default="0.12.4" rev-constraint-dynamic="0.12.4" callerrev="0.12.4"/>
				<caller organisation="org.scala-sbt" name="incremental-compiler" conf="compile" rev="0.12.4" rev-constraint-default="0.12.4" rev-constraint-dynamic="0.12.4" callerrev="0.12.4"/>
				<caller organisation="org.scala-sbt" name="actions" conf="compile" rev="0.12.4" rev-constraint-default="0.12.4" rev-constraint-dynamic="0.12.4" callerrev="0.12.4"/>
				<caller organisation="org.scala-sbt" name="compiler-integration" conf="compile" rev="0.12.4" rev-constraint-default="0.12.4" rev-constraint-dynamic="0.12.4" callerrev="0.12.4"/>
				<artifacts>
					<artifact name="api" type="jar" ext="jar" status="successful" details="" size="345601" time="2878" location="/Users/jon/Project/introscala-mobiskill/sbt/repository/repository/cache/org.scala-sbt/api/jars/api-0.12.4.jar">
						<origin-location is-local="false" location="http://repo.typesafe.com/typesafe/ivy-releases/org.scala-sbt/api/0.12.4/jars/api.jar"/>
					</artifact>
				</artifacts>
			</revision>
		</module>
		<module organisation="org.scala-sbt" name="completion">
			<revision name="0.12.4" status="release" pubdate="20130626161447" resolver="typesafe-ivy-releases" artresolver="typesafe-ivy-releases" downloaded="true" searched="true" default="false" conf="default(compile), compile" position="10">
				<metadata-artifact status="successful" details="" size="2196" time="519" location="/Users/jon/Project/introscala-mobiskill/sbt/repository/repository/cache/org.scala-sbt/completion/ivy-0.12.4.xml" searched="true" original-local-location="/Users/jon/Project/introscala-mobiskill/sbt/repository/repository/cache/org.scala-sbt/completion/ivy-0.12.4.xml.original" origin-is-local="false" origin-location="http://repo.typesafe.com/typesafe/ivy-releases/org.scala-sbt/completion/0.12.4/ivys/ivy.xml"/>
				<caller organisation="org.scala-sbt" name="command" conf="compile" rev="0.12.4" rev-constraint-default="0.12.4" rev-constraint-dynamic="0.12.4" callerrev="0.12.4"/>
				<caller organisation="org.scala-sbt" name="actions" conf="compile" rev="0.12.4" rev-constraint-default="0.12.4" rev-constraint-dynamic="0.12.4" callerrev="0.12.4"/>
				<artifacts>
					<artifact name="completion" type="jar" ext="jar" status="successful" details="" size="350902" time="3187" location="/Users/jon/Project/introscala-mobiskill/sbt/repository/repository/cache/org.scala-sbt/completion/jars/completion-0.12.4.jar">
						<origin-location is-local="false" location="http://repo.typesafe.com/typesafe/ivy-releases/org.scala-sbt/completion/0.12.4/jars/completion.jar"/>
					</artifact>
				</artifacts>
			</revision>
		</module>
		<module organisation="jline" name="jline">
			<revision name="1.0" status="release" pubdate="20111028035303" resolver="Maven Central" artresolver="Maven Central" homepage="http://jline.sourceforge.net" downloaded="true" searched="true" default="false" conf="default(compile), default, compile, runtime, master" position="12">
				<license name="BSD" url="LICENSE.txt"/>
				<metadata-artifact status="successful" details="" size="8515" time="436" location="/Users/jon/Project/introscala-mobiskill/sbt/repository/repository/cache/jline/jline/ivy-1.0.xml" searched="true" original-local-location="/Users/jon/Project/introscala-mobiskill/sbt/repository/repository/cache/jline/jline/ivy-1.0.xml.original" origin-is-local="false" origin-location="http://repo1.maven.org/maven2/jline/jline/1.0/jline-1.0.pom"/>
				<caller organisation="org.scala-sbt" name="precompiled-2_10_1" conf="compile" rev="1.0" rev-constraint-default="1.0" rev-constraint-dynamic="1.0" callerrev="0.12.4"/>
				<caller organisation="org.scala-sbt" name="precompiled-2_9_3" conf="compile" rev="1.0" rev-constraint-default="1.0" rev-constraint-dynamic="1.0" callerrev="0.12.4"/>
				<caller organisation="org.scala-sbt" name="compiler-interface" conf="compile" rev="1.0" rev-constraint-default="1.0" rev-constraint-dynamic="1.0" callerrev="0.12.4"/>
				<caller organisation="org.scala-sbt" name="completion" conf="compile" rev="1.0" rev-constraint-default="1.0" rev-constraint-dynamic="1.0" callerrev="0.12.4"/>
				<caller organisation="org.scala-sbt" name="precompiled-2_8_2" conf="compile" rev="1.0" rev-constraint-default="1.0" rev-constraint-dynamic="1.0" callerrev="0.12.4"/>
				<artifacts>
					<artifact name="jline" type="jar" ext="jar" status="successful" details="" size="91225" time="974" location="/Users/jon/Project/introscala-mobiskill/sbt/repository/repository/cache/jline/jline/jars/jline-1.0.jar">
						<origin-location is-local="false" location="http://repo1.maven.org/maven2/jline/jline/1.0/jline-1.0.jar"/>
					</artifact>
				</artifacts>
			</revision>
		</module>
		<module organisation="org.scala-sbt" name="collections">
			<revision name="0.12.4" status="release" pubdate="20130626161447" resolver="typesafe-ivy-releases" artresolver="typesafe-ivy-releases" downloaded="true" searched="true" default="false" conf="default(compile), compile" position="11">
				<metadata-artifact status="successful" details="" size="1807" time="730" location="/Users/jon/Project/introscala-mobiskill/sbt/repository/repository/cache/org.scala-sbt/collections/ivy-0.12.4.xml" searched="true" original-local-location="/Users/jon/Project/introscala-mobiskill/sbt/repository/repository/cache/org.scala-sbt/collections/ivy-0.12.4.xml.original" origin-is-local="false" origin-location="http://repo.typesafe.com/typesafe/ivy-releases/org.scala-sbt/collections/0.12.4/ivys/ivy.xml"/>
				<caller organisation="org.scala-sbt" name="incremental-compiler" conf="compile" rev="0.12.4" rev-constraint-default="0.12.4" rev-constraint-dynamic="0.12.4" callerrev="0.12.4"/>
				<caller organisation="org.scala-sbt" name="tasks" conf="compile" rev="0.12.4" rev-constraint-default="0.12.4" rev-constraint-dynamic="0.12.4" callerrev="0.12.4"/>
				<caller organisation="org.scala-sbt" name="cache" conf="compile" rev="0.12.4" rev-constraint-default="0.12.4" rev-constraint-dynamic="0.12.4" callerrev="0.12.4"/>
				<caller organisation="org.scala-sbt" name="completion" conf="compile" rev="0.12.4" rev-constraint-default="0.12.4" rev-constraint-dynamic="0.12.4" callerrev="0.12.4"/>
				<caller organisation="org.scala-sbt" name="task-system" conf="compile" rev="0.12.4" rev-constraint-default="0.12.4" rev-constraint-dynamic="0.12.4" callerrev="0.12.4"/>
				<artifacts>
					<artifact name="collections" type="jar" ext="jar" status="successful" details="" size="299311" time="5758" location="/Users/jon/Project/introscala-mobiskill/sbt/repository/repository/cache/org.scala-sbt/collections/jars/collections-0.12.4.jar">
						<origin-location is-local="false" location="http://repo.typesafe.com/typesafe/ivy-releases/org.scala-sbt/collections/0.12.4/jars/collections.jar"/>
					</artifact>
				</artifacts>
			</revision>
		</module>
		<module organisation="org.scala-sbt" name="classpath">
			<revision name="0.12.4" status="release" pubdate="20130626161447" resolver="typesafe-ivy-releases" artresolver="typesafe-ivy-releases" downloaded="true" searched="true" default="false" conf="default(compile), compile" position="3">
				<metadata-artifact status="successful" details="" size="2005" time="525" location="/Users/jon/Project/introscala-mobiskill/sbt/repository/repository/cache/org.scala-sbt/classpath/ivy-0.12.4.xml" searched="true" original-local-location="/Users/jon/Project/introscala-mobiskill/sbt/repository/repository/cache/org.scala-sbt/classpath/ivy-0.12.4.xml.original" origin-is-local="false" origin-location="http://repo.typesafe.com/typesafe/ivy-releases/org.scala-sbt/classpath/0.12.4/ivys/ivy.xml"/>
				<caller organisation="org.scala-sbt" name="testing" conf="compile" rev="0.12.4" rev-constraint-default="0.12.4" rev-constraint-dynamic="0.12.4" callerrev="0.12.4"/>
				<caller organisation="org.scala-sbt" name="command" conf="compile" rev="0.12.4" rev-constraint-default="0.12.4" rev-constraint-dynamic="0.12.4" callerrev="0.12.4"/>
				<caller organisation="org.scala-sbt" name="incremental-compiler" conf="compile" rev="0.12.4" rev-constraint-default="0.12.4" rev-constraint-dynamic="0.12.4" callerrev="0.12.4"/>
				<caller organisation="org.scala-sbt" name="run" conf="compile" rev="0.12.4" rev-constraint-default="0.12.4" rev-constraint-dynamic="0.12.4" callerrev="0.12.4"/>
				<caller organisation="org.scala-sbt" name="actions" conf="compile" rev="0.12.4" rev-constraint-default="0.12.4" rev-constraint-dynamic="0.12.4" callerrev="0.12.4"/>
				<caller organisation="org.scala-sbt" name="compile" conf="compile" rev="0.12.4" rev-constraint-default="0.12.4" rev-constraint-dynamic="0.12.4" callerrev="0.12.4"/>
				<artifacts>
					<artifact name="classpath" type="jar" ext="jar" status="successful" details="" size="84160" time="1942" location="/Users/jon/Project/introscala-mobiskill/sbt/repository/repository/cache/org.scala-sbt/classpath/jars/classpath-0.12.4.jar">
						<origin-location is-local="false" location="http://repo.typesafe.com/typesafe/ivy-releases/org.scala-sbt/classpath/0.12.4/jars/classpath.jar"/>
					</artifact>
				</artifacts>
			</revision>
		</module>
		<module organisation="org.scala-sbt" name="io">
			<revision name="0.12.4" status="release" pubdate="20130626161447" resolver="typesafe-ivy-releases" artresolver="typesafe-ivy-releases" downloaded="true" searched="true" default="false" conf="default(compile), compile" position="7">
				<metadata-artifact status="successful" details="" size="1969" time="667" location="/Users/jon/Project/introscala-mobiskill/sbt/repository/repository/cache/org.scala-sbt/io/ivy-0.12.4.xml" searched="true" original-local-location="/Users/jon/Project/introscala-mobiskill/sbt/repository/repository/cache/org.scala-sbt/io/ivy-0.12.4.xml.original" origin-is-local="false" origin-location="http://repo.typesafe.com/typesafe/ivy-releases/org.scala-sbt/io/0.12.4/ivys/ivy.xml"/>
				<caller organisation="org.scala-sbt" name="command" conf="compile" rev="0.12.4" rev-constraint-default="0.12.4" rev-constraint-dynamic="0.12.4" callerrev="0.12.4"/>
				<caller organisation="org.scala-sbt" name="completion" conf="compile" rev="0.12.4" rev-constraint-default="0.12.4" rev-constraint-dynamic="0.12.4" callerrev="0.12.4"/>
				<caller organisation="org.scala-sbt" name="cache" conf="compile" rev="0.12.4" rev-constraint-default="0.12.4" rev-constraint-dynamic="0.12.4" callerrev="0.12.4"/>
				<caller organisation="org.scala-sbt" name="task-system" conf="compile" rev="0.12.4" rev-constraint-default="0.12.4" rev-constraint-dynamic="0.12.4" callerrev="0.12.4"/>
				<caller organisation="org.scala-sbt" name="testing" conf="compile" rev="0.12.4" rev-constraint-default="0.12.4" rev-constraint-dynamic="0.12.4" callerrev="0.12.4"/>
				<caller organisation="org.scala-sbt" name="main" conf="compile" rev="0.12.4" rev-constraint-default="0.12.4" rev-constraint-dynamic="0.12.4" callerrev="0.12.4"/>
				<caller organisation="org.scala-sbt" name="incremental-compiler" conf="compile" rev="0.12.4" rev-constraint-default="0.12.4" rev-constraint-dynamic="0.12.4" callerrev="0.12.4"/>
				<caller organisation="org.scala-sbt" name="run" conf="compile" rev="0.12.4" rev-constraint-default="0.12.4" rev-constraint-dynamic="0.12.4" callerrev="0.12.4"/>
				<caller organisation="org.scala-sbt" name="actions" conf="compile" rev="0.12.4" rev-constraint-default="0.12.4" rev-constraint-dynamic="0.12.4" callerrev="0.12.4"/>
				<caller organisation="org.scala-sbt" name="ivy" conf="compile" rev="0.12.4" rev-constraint-default="0.12.4" rev-constraint-dynamic="0.12.4" callerrev="0.12.4"/>
				<caller organisation="org.scala-sbt" name="tracking" conf="compile" rev="0.12.4" rev-constraint-default="0.12.4" rev-constraint-dynamic="0.12.4" callerrev="0.12.4"/>
				<caller organisation="org.scala-sbt" name="classpath" conf="compile" rev="0.12.4" rev-constraint-default="0.12.4" rev-constraint-dynamic="0.12.4" callerrev="0.12.4"/>
				<caller organisation="org.scala-sbt" name="classfile" conf="compile" rev="0.12.4" rev-constraint-default="0.12.4" rev-constraint-dynamic="0.12.4" callerrev="0.12.4"/>
				<caller organisation="org.scala-sbt" name="compile" conf="compile" rev="0.12.4" rev-constraint-default="0.12.4" rev-constraint-dynamic="0.12.4" callerrev="0.12.4"/>
				<artifacts>
					<artifact name="io" type="jar" ext="jar" status="successful" details="" size="265464" time="1499" location="/Users/jon/Project/introscala-mobiskill/sbt/repository/repository/cache/org.scala-sbt/io/jars/io-0.12.4.jar">
						<origin-location is-local="false" location="http://repo.typesafe.com/typesafe/ivy-releases/org.scala-sbt/io/0.12.4/jars/io.jar"/>
					</artifact>
				</artifacts>
			</revision>
		</module>
		<module organisation="org.scala-lang" name="scala-compiler">
			<revision name="2.9.2" status="release" pubdate="20120413143159" resolver="Maven Central" artresolver="Maven Central" homepage="http://www.scala-lang.org/" downloaded="true" searched="true" default="false" conf="default(compile), default, compile, runtime, master" position="9">
				<license name="BSD-like" url="http://www.scala-lang.org/downloads/license.html
			"/>
				<metadata-artifact status="successful" details="" size="2002" time="727" location="/Users/jon/Project/introscala-mobiskill/sbt/repository/repository/cache/org.scala-lang/scala-compiler/ivy-2.9.2.xml" searched="true" original-local-location="/Users/jon/Project/introscala-mobiskill/sbt/repository/repository/cache/org.scala-lang/scala-compiler/ivy-2.9.2.xml.original" origin-is-local="false" origin-location="http://repo1.maven.org/maven2/org/scala-lang/scala-compiler/2.9.2/scala-compiler-2.9.2.pom"/>
				<caller organisation="org.scala-sbt" name="classpath" conf="compile" rev="2.9.2" rev-constraint-default="2.9.2" rev-constraint-dynamic="2.9.2" callerrev="0.12.4"/>
				<artifacts>
				</artifacts>
			</revision>
		</module>
		<module organisation="org.scala-sbt" name="control">
			<revision name="0.12.4" status="release" pubdate="20130626161447" resolver="typesafe-ivy-releases" artresolver="typesafe-ivy-releases" downloaded="true" searched="true" default="false" conf="default(compile), compile" position="8">
				<metadata-artifact status="successful" details="" size="1574" time="1076" location="/Users/jon/Project/introscala-mobiskill/sbt/repository/repository/cache/org.scala-sbt/control/ivy-0.12.4.xml" searched="true" original-local-location="/Users/jon/Project/introscala-mobiskill/sbt/repository/repository/cache/org.scala-sbt/control/ivy-0.12.4.xml.original" origin-is-local="false" origin-location="http://repo.typesafe.com/typesafe/ivy-releases/org.scala-sbt/control/0.12.4/ivys/ivy.xml"/>
				<caller organisation="org.scala-sbt" name="tasks" conf="compile" rev="0.12.4" rev-constraint-default="0.12.4" rev-constraint-dynamic="0.12.4" callerrev="0.12.4"/>
				<caller organisation="org.scala-sbt" name="completion" conf="compile" rev="0.12.4" rev-constraint-default="0.12.4" rev-constraint-dynamic="0.12.4" callerrev="0.12.4"/>
				<caller organisation="org.scala-sbt" name="io" conf="compile" rev="0.12.4" rev-constraint-default="0.12.4" rev-constraint-dynamic="0.12.4" callerrev="0.12.4"/>
				<artifacts>
					<artifact name="control" type="jar" ext="jar" status="successful" details="" size="13246" time="1191" location="/Users/jon/Project/introscala-mobiskill/sbt/repository/repository/cache/org.scala-sbt/control/jars/control-0.12.4.jar">
						<origin-location is-local="false" location="http://repo.typesafe.com/typesafe/ivy-releases/org.scala-sbt/control/0.12.4/jars/control.jar"/>
					</artifact>
				</artifacts>
			</revision>
		</module>
		<module organisation="org.scala-sbt" name="interface">
			<revision name="0.12.4" status="release" pubdate="20130626161447" resolver="typesafe-ivy-releases" artresolver="typesafe-ivy-releases" extra-component="xsbti" downloaded="true" searched="true" default="false" conf="default(compile), compile" position="6">
				<metadata-artifact status="successful" details="" size="1602" time="549" location="/Users/jon/Project/introscala-mobiskill/sbt/repository/repository/cache/org.scala-sbt/interface/ivy-0.12.4.xml" searched="true" original-local-location="/Users/jon/Project/introscala-mobiskill/sbt/repository/repository/cache/org.scala-sbt/interface/ivy-0.12.4.xml.original" origin-is-local="false" origin-location="http://repo.typesafe.com/typesafe/ivy-releases/org.scala-sbt/interface/0.12.4/ivys/ivy.xml"/>
				<caller organisation="org.scala-sbt" name="api" conf="compile" rev="0.12.4" rev-constraint-default="0.12.4" rev-constraint-dynamic="0.12.4" callerrev="0.12.4" extra-component="xsbti"/>
				<caller organisation="org.scala-sbt" name="precompiled-2_10_1" conf="compile" rev="0.12.4" rev-constraint-default="0.12.4" rev-constraint-dynamic="0.12.4" callerrev="0.12.4" extra-component="xsbti"/>
				<caller organisation="org.scala-sbt" name="logging" conf="compile" rev="0.12.4" rev-constraint-default="0.12.4" rev-constraint-dynamic="0.12.4" callerrev="0.12.4" extra-component="xsbti"/>
				<caller organisation="org.scala-sbt" name="command" conf="compile" rev="0.12.4" rev-constraint-default="0.12.4" rev-constraint-dynamic="0.12.4" callerrev="0.12.4" extra-component="xsbti"/>
				<caller organisation="org.scala-sbt" name="precompiled-2_9_3" conf="compile" rev="0.12.4" rev-constraint-default="0.12.4" rev-constraint-dynamic="0.12.4" callerrev="0.12.4" extra-component="xsbti"/>
				<caller organisation="org.scala-sbt" name="compiler-interface" conf="compile" rev="0.12.4" rev-constraint-default="0.12.4" rev-constraint-dynamic="0.12.4" callerrev="0.12.4" extra-component="xsbti"/>
				<caller organisation="org.scala-sbt" name="precompiled-2_8_2" conf="compile" rev="0.12.4" rev-constraint-default="0.12.4" rev-constraint-dynamic="0.12.4" callerrev="0.12.4" extra-component="xsbti"/>
				<caller organisation="org.scala-sbt" name="main" conf="compile" rev="0.12.4" rev-constraint-default="0.12.4" rev-constraint-dynamic="0.12.4" callerrev="0.12.4" extra-component="xsbti"/>
				<caller organisation="org.scala-sbt" name="actions" conf="compile" rev="0.12.4" rev-constraint-default="0.12.4" rev-constraint-dynamic="0.12.4" callerrev="0.12.4" extra-component="xsbti"/>
				<caller organisation="org.scala-sbt" name="ivy" conf="compile" rev="0.12.4" rev-constraint-default="0.12.4" rev-constraint-dynamic="0.12.4" callerrev="0.12.4" extra-component="xsbti"/>
				<caller organisation="org.scala-sbt" name="classpath" conf="compile" rev="0.12.4" rev-constraint-default="0.12.4" rev-constraint-dynamic="0.12.4" callerrev="0.12.4" extra-component="xsbti"/>
				<caller organisation="org.scala-sbt" name="classfile" conf="compile" rev="0.12.4" rev-constraint-default="0.12.4" rev-constraint-dynamic="0.12.4" callerrev="0.12.4" extra-component="xsbti"/>
				<caller organisation="org.scala-sbt" name="compile" conf="compile" rev="0.12.4" rev-constraint-default="0.12.4" rev-constraint-dynamic="0.12.4" callerrev="0.12.4" extra-component="xsbti"/>
				<artifacts>
					<artifact name="interface" type="jar" ext="jar" status="successful" details="" size="42498" time="798" location="/Users/jon/Project/introscala-mobiskill/sbt/repository/repository/cache/org.scala-sbt/interface/jars/interface-0.12.4.jar">
						<origin-location is-local="false" location="http://repo.typesafe.com/typesafe/ivy-releases/org.scala-sbt/interface/0.12.4/jars/interface.jar"/>
					</artifact>
				</artifacts>
			</revision>
		</module>
		<module organisation="org.scala-sbt" name="launcher-interface">
			<revision name="0.12.4" status="release" pubdate="20130626161447" resolver="typesafe-ivy-releases" artresolver="typesafe-ivy-releases" downloaded="true" searched="true" default="false" conf="default(compile), compile" position="4">
				<metadata-artifact status="successful" details="" size="1618" time="942" location="/Users/jon/Project/introscala-mobiskill/sbt/repository/repository/cache/org.scala-sbt/launcher-interface/ivy-0.12.4.xml" searched="true" original-local-location="/Users/jon/Project/introscala-mobiskill/sbt/repository/repository/cache/org.scala-sbt/launcher-interface/ivy-0.12.4.xml.original" origin-is-local="false" origin-location="http://repo.typesafe.com/typesafe/ivy-releases/org.scala-sbt/launcher-interface/0.12.4/ivys/ivy.xml"/>
				<caller organisation="org.scala-sbt" name="testing" conf="compile" rev="0.12.4" rev-constraint-default="0.12.4" rev-constraint-dynamic="0.12.4" callerrev="0.12.4"/>
				<caller organisation="org.scala-sbt" name="command" conf="compile" rev="0.12.4" rev-constraint-default="0.12.4" rev-constraint-dynamic="0.12.4" callerrev="0.12.4"/>
				<caller organisation="org.scala-sbt" name="main" conf="compile" rev="0.12.4" rev-constraint-default="0.12.4" rev-constraint-dynamic="0.12.4" callerrev="0.12.4"/>
				<caller organisation="org.scala-sbt" name="ivy" conf="compile" rev="0.12.4" rev-constraint-default="0.12.4" rev-constraint-dynamic="0.12.4" callerrev="0.12.4"/>
				<caller organisation="org.scala-sbt" name="classpath" conf="compile" rev="0.12.4" rev-constraint-default="0.12.4" rev-constraint-dynamic="0.12.4" callerrev="0.12.4"/>
				<caller organisation="org.scala-sbt" name="compile" conf="compile" rev="0.12.4" rev-constraint-default="0.12.4" rev-constraint-dynamic="0.12.4" callerrev="0.12.4"/>
				<artifacts>
					<artifact name="launcher-interface" type="jar" ext="jar" status="successful" details="" size="8346" time="713" location="/Users/jon/Project/introscala-mobiskill/sbt/repository/repository/cache/org.scala-sbt/launcher-interface/jars/launcher-interface-0.12.4.jar">
						<origin-location is-local="false" location="http://repo.typesafe.com/typesafe/ivy-releases/org.scala-sbt/launcher-interface/0.12.4/jars/launcher-interface.jar"/>
					</artifact>
				</artifacts>
			</revision>
		</module>
		<module organisation="org.scala-lang" name="scala-library">
			<revision name="2.9.2" status="release" pubdate="20120413142921" resolver="Maven Central" artresolver="Maven Central" homepage="http://www.scala-lang.org/" downloaded="true" searched="true" default="false" conf="default(compile), default, compile, master(*), compile(*), runtime, runtime(*), master" position="5">
				<license name="BSD-like" url="http://www.scala-lang.org/downloads/license.html
         "/>
				<metadata-artifact status="successful" details="" size="1739" time="447" location="/Users/jon/Project/introscala-mobiskill/sbt/repository/repository/cache/org.scala-lang/scala-library/ivy-2.9.2.xml" searched="true" original-local-location="/Users/jon/Project/introscala-mobiskill/sbt/repository/repository/cache/org.scala-lang/scala-library/ivy-2.9.2.xml.original" origin-is-local="false" origin-location="http://repo1.maven.org/maven2/org/scala-lang/scala-library/2.9.2/scala-library-2.9.2.pom"/>
				<caller organisation="org.scala-sbt" name="logging" conf="compile" rev="2.9.2" rev-constraint-default="2.9.2" rev-constraint-dynamic="2.9.2" callerrev="0.12.4"/>
				<caller organisation="org.scala-sbt" name="command" conf="compile" rev="2.9.2" rev-constraint-default="2.9.2" rev-constraint-dynamic="2.9.2" callerrev="0.12.4"/>
				<caller organisation="org.scala-sbt" name="process" conf="compile" rev="2.9.2" rev-constraint-default="2.9.2" rev-constraint-dynamic="2.9.2" callerrev="0.12.4"/>
				<caller organisation="org.scala-sbt" name="test-agent" conf="compile" rev="2.9.2" rev-constraint-default="2.9.2" rev-constraint-dynamic="2.9.2" callerrev="0.12.4"/>
				<caller organisation="org.scala-sbt" name="tasks" conf="compile" rev="2.9.2" rev-constraint-default="2.9.2" rev-constraint-dynamic="2.9.2" callerrev="0.12.4"/>
				<caller organisation="org.scala-sbt" name="precompiled-2_9_3" conf="compile" rev="2.9.2" rev-constraint-default="2.9.2" rev-constraint-dynamic="2.9.3" callerrev="0.12.4"/>
				<caller organisation="org.scala-sbt" name="cache" conf="compile" rev="2.9.2" rev-constraint-default="2.9.2" rev-constraint-dynamic="2.9.2" callerrev="0.12.4"/>
				<caller organisation="org.scala-sbt" name="completion" conf="compile" rev="2.9.2" rev-constraint-default="2.9.2" rev-constraint-dynamic="2.9.2" callerrev="0.12.4"/>
				<caller organisation="org.scala-sbt" name="task-system" conf="compile" rev="2.9.2" rev-constraint-default="2.9.2" rev-constraint-dynamic="2.9.2" callerrev="0.12.4"/>
				<caller organisation="org.scala-sbt" name="collections" conf="compile" rev="2.9.2" rev-constraint-default="2.9.2" rev-constraint-dynamic="2.9.2" callerrev="0.12.4"/>
				<caller organisation="org.scala-sbt" name="precompiled-2_8_2" conf="compile" rev="2.9.2" rev-constraint-default="2.9.2" rev-constraint-dynamic="2.8.2" callerrev="0.12.4"/>
				<caller organisation="org.scala-sbt" name="control" conf="compile" rev="2.9.2" rev-constraint-default="2.9.2" rev-constraint-dynamic="2.9.2" callerrev="0.12.4"/>
				<caller organisation="org.scala-sbt" name="testing" conf="compile" rev="2.9.2" rev-constraint-default="2.9.2" rev-constraint-dynamic="2.9.2" callerrev="0.12.4"/>
				<caller organisation="org.scala-sbt" name="main" conf="compile" rev="2.9.2" rev-constraint-default="2.9.2" rev-constraint-dynamic="2.9.2" callerrev="0.12.4"/>
				<caller organisation="org.scala-sbt" name="incremental-compiler" conf="compile" rev="2.9.2" rev-constraint-default="2.9.2" rev-constraint-dynamic="2.9.2" callerrev="0.12.4"/>
				<caller organisation="org.scala-sbt" name="run" conf="compile" rev="2.9.2" rev-constraint-default="2.9.2" rev-constraint-dynamic="2.9.2" callerrev="0.12.4"/>
				<caller organisation="org.scala-sbt" name="tracking" conf="compile" rev="2.9.2" rev-constraint-default="2.9.2" rev-constraint-dynamic="2.9.2" callerrev="0.12.4"/>
				<caller organisation="org.scala-sbt" name="classpath" conf="compile" rev="2.9.2" rev-constraint-default="2.9.2" rev-constraint-dynamic="2.9.2" callerrev="0.12.4"/>
				<caller organisation="org.scala-sbt" name="launcher-interface" conf="compile" rev="2.9.2" rev-constraint-default="2.9.2" rev-constraint-dynamic="2.9.2" callerrev="0.12.4"/>
				<caller organisation="org.scala-sbt" name="compile" conf="compile" rev="2.9.2" rev-constraint-default="2.9.2" rev-constraint-dynamic="2.9.2" callerrev="0.12.4"/>
				<caller organisation="org.scala-sbt" name="sbt" conf="compile" rev="2.9.2" rev-constraint-default="2.9.2" rev-constraint-dynamic="2.9.2" callerrev="0.12.4"/>
				<caller organisation="org.scala-sbt" name="persist" conf="compile" rev="2.9.2" rev-constraint-default="2.9.2" rev-constraint-dynamic="2.9.2" callerrev="0.12.4"/>
				<caller organisation="org.scala-sbt" name="api" conf="compile" rev="2.9.2" rev-constraint-default="2.9.2" rev-constraint-dynamic="2.9.2" callerrev="0.12.4"/>
				<caller organisation="org.scala-sbt" name="precompiled-2_10_1" conf="compile" rev="2.9.2" rev-constraint-default="2.9.2" rev-constraint-dynamic="2.10.1" callerrev="0.12.4"/>
				<caller organisation="org.scala-sbt" name="interface" conf="compile" rev="2.9.2" rev-constraint-default="2.9.2" rev-constraint-dynamic="2.9.2" callerrev="0.12.4"/>
				<caller organisation="org.scala-lang" name="scala-compiler" conf="default, compile, runtime, master" rev="2.9.2" rev-constraint-default="2.9.2" rev-constraint-dynamic="2.9.2" callerrev="2.9.2"/>
				<caller organisation="org.scala-sbt" name="compiler-interface" conf="compile" rev="2.9.2" rev-constraint-default="2.9.2" rev-constraint-dynamic="2.9.2" callerrev="0.12.4"/>
				<caller organisation="org.scala-sbt" name="io" conf="compile" rev="2.9.2" rev-constraint-default="2.9.2" rev-constraint-dynamic="2.9.2" callerrev="0.12.4"/>
				<caller organisation="org.scala-sbt" name="compiler-integration" conf="compile" rev="2.9.2" rev-constraint-default="2.9.2" rev-constraint-dynamic="2.9.2" callerrev="0.12.4"/>
				<caller organisation="org.scala-sbt" name="compiler-ivy-integration" conf="compile" rev="2.9.2" rev-constraint-default="2.9.2" rev-constraint-dynamic="2.9.2" callerrev="0.12.4"/>
				<caller organisation="org.scala-sbt" name="actions" conf="compile" rev="2.9.2" rev-constraint-default="2.9.2" rev-constraint-dynamic="2.9.2" callerrev="0.12.4"/>
				<caller organisation="org.scala-sbt" name="ivy" conf="compile" rev="2.9.2" rev-constraint-default="2.9.2" rev-constraint-dynamic="2.9.2" callerrev="0.12.4"/>
				<caller organisation="org.scala-sbt" name="classfile" conf="compile" rev="2.9.2" rev-constraint-default="2.9.2" rev-constraint-dynamic="2.9.2" callerrev="0.12.4"/>
				<artifacts>
				</artifacts>
			</revision>
		</module>
	</dependencies>
</ivy-report>
