<?xml version="1.0" encoding="UTF-8"?>
<?xml-stylesheet type="text/xsl" href="ivy-report.xsl"?>
<ivy-report version="1.0">
	<info
		organisation="org.scala-sbt"
		module="boot-scala"
		revision="1.0"
		conf="default"
		confs="default"
		date="20141006151636"/>
	<dependencies>
		<module organisation="org.scala-lang" name="scala-compiler">
			<revision name="2.11.2" status="release" pubdate="20140723083926" resolver="Maven Central" artresolver="Maven Central" homepage="http://www.scala-lang.org/" downloaded="true" searched="true" default="false" conf="default, optional, compile, runtime, optional(default), master" position="0">
				<license name="BSD 3-Clause" url="http://www.scala-lang.org/license.html"/>
				<metadata-artifact status="successful" details="" size="2363" time="396" location="/Users/jon/Project/introscala-mobiskill/sbt/repository/repository/cache/org.scala-lang/scala-compiler/ivy-2.11.2.xml" searched="true" original-local-location="/Users/jon/Project/introscala-mobiskill/sbt/repository/repository/cache/org.scala-lang/scala-compiler/ivy-2.11.2.xml.original" origin-is-local="false" origin-location="http://repo1.maven.org/maven2/org/scala-lang/scala-compiler/2.11.2/scala-compiler-2.11.2.pom"/>
				<caller organisation="org.scala-sbt" name="boot-scala" conf="default" rev="2.11.2" rev-constraint-default="2.11.2" rev-constraint-dynamic="2.11.2" callerrev="1.0"/>
				<artifacts>
					<artifact name="scala-compiler" type="jar" ext="jar" status="successful" details="" size="13578783" time="30587" location="/Users/jon/Project/introscala-mobiskill/sbt/repository/repository/cache/org.scala-lang/scala-compiler/jars/scala-compiler-2.11.2.jar">
						<origin-location is-local="false" location="http://repo1.maven.org/maven2/org/scala-lang/scala-compiler/2.11.2/scala-compiler-2.11.2.jar"/>
					</artifact>
				</artifacts>
			</revision>
		</module>
		<module organisation="jline" name="jline">
			<revision name="2.12" status="release" pubdate="20140606232408" resolver="Maven Central" artresolver="Maven Central" homepage="" downloaded="true" searched="true" default="false" conf="compile, master(*), compile(*), master" position="5">
				<license name="The BSD License" url="http://www.opensource.org/licenses/bsd-license.php"/>
				<metadata-artifact status="successful" details="" size="16942" time="427" location="/Users/jon/Project/introscala-mobiskill/sbt/repository/repository/cache/jline/jline/ivy-2.12.xml" searched="true" original-local-location="/Users/jon/Project/introscala-mobiskill/sbt/repository/repository/cache/jline/jline/ivy-2.12.xml.original" origin-is-local="false" origin-location="http://repo1.maven.org/maven2/jline/jline/2.12/jline-2.12.pom"/>
				<caller organisation="org.scala-lang" name="scala-compiler" conf="optional" rev="2.12" rev-constraint-default="2.12" rev-constraint-dynamic="2.12" callerrev="2.11.2"/>
				<artifacts>
					<artifact name="jline" type="jar" ext="jar" status="successful" details="" size="213854" time="870" location="/Users/jon/Project/introscala-mobiskill/sbt/repository/repository/cache/jline/jline/jars/jline-2.12.jar">
						<origin-location is-local="false" location="http://repo1.maven.org/maven2/jline/jline/2.12/jline-2.12.jar"/>
					</artifact>
				</artifacts>
			</revision>
		</module>
		<module organisation="org.scala-lang.modules" name="scala-parser-combinators_2.11">
			<revision name="1.0.2" status="release" pubdate="20140723084535" resolver="Maven Central" artresolver="Maven Central" homepage="http://www.scala-lang.org/" downloaded="true" searched="true" default="false" conf="compile, master(*), runtime, compile(*), runtime(*), master" position="4">
				<license name="BSD 3-clause" url="http://opensource.org/licenses/BSD-3-Clause"/>
				<metadata-artifact status="successful" details="" size="2156" time="458" location="/Users/jon/Project/introscala-mobiskill/sbt/repository/repository/cache/org.scala-lang.modules/scala-parser-combinators_2.11/ivy-1.0.2.xml" searched="true" original-local-location="/Users/jon/Project/introscala-mobiskill/sbt/repository/repository/cache/org.scala-lang.modules/scala-parser-combinators_2.11/ivy-1.0.2.xml.original" origin-is-local="false" origin-location="http://repo1.maven.org/maven2/org/scala-lang/modules/scala-parser-combinators_2.11/1.0.2/scala-parser-combinators_2.11-1.0.2.pom"/>
				<caller organisation="org.scala-lang" name="scala-compiler" conf="default, compile, runtime, master" rev="1.0.2" rev-constraint-default="1.0.2" rev-constraint-dynamic="1.0.2" callerrev="2.11.2"/>
				<artifacts>
					<artifact name="scala-parser-combinators_2.11" type="bundle" ext="jar" status="successful" details="" size="416065" time="1531" location="/Users/jon/Project/introscala-mobiskill/sbt/repository/repository/cache/org.scala-lang.modules/scala-parser-combinators_2.11/bundles/scala-parser-combinators_2.11-1.0.2.jar">
						<origin-location is-local="false" location="http://repo1.maven.org/maven2/org/scala-lang/modules/scala-parser-combinators_2.11/1.0.2/scala-parser-combinators_2.11-1.0.2.jar"/>
					</artifact>
				</artifacts>
			</revision>
		</module>
		<module organisation="org.scala-lang.modules" name="scala-xml_2.11">
			<revision name="1.0.2" status="release" pubdate="20140520101040" resolver="Maven Central" artresolver="Maven Central" homepage="http://www.scala-lang.org/" downloaded="true" searched="true" default="false" conf="compile, master(*), runtime, compile(*), runtime(*), master" position="3">
				<license name="BSD 3-clause" url="http://opensource.org/licenses/BSD-3-Clause"/>
				<metadata-artifact status="successful" details="" size="2518" time="417" location="/Users/jon/Project/introscala-mobiskill/sbt/repository/repository/cache/org.scala-lang.modules/scala-xml_2.11/ivy-1.0.2.xml" searched="true" original-local-location="/Users/jon/Project/introscala-mobiskill/sbt/repository/repository/cache/org.scala-lang.modules/scala-xml_2.11/ivy-1.0.2.xml.original" origin-is-local="false" origin-location="http://repo1.maven.org/maven2/org/scala-lang/modules/scala-xml_2.11/1.0.2/scala-xml_2.11-1.0.2.pom"/>
				<caller organisation="org.scala-lang" name="scala-compiler" conf="default, compile, runtime, master" rev="1.0.2" rev-constraint-default="1.0.2" rev-constraint-dynamic="1.0.2" callerrev="2.11.2"/>
				<artifacts>
					<artifact name="scala-xml_2.11" type="bundle" ext="jar" status="successful" details="" size="648678" time="2101" location="/Users/jon/Project/introscala-mobiskill/sbt/repository/repository/cache/org.scala-lang.modules/scala-xml_2.11/bundles/scala-xml_2.11-1.0.2.jar">
						<origin-location is-local="false" location="http://repo1.maven.org/maven2/org/scala-lang/modules/scala-xml_2.11/1.0.2/scala-xml_2.11-1.0.2.jar"/>
					</artifact>
				</artifacts>
			</revision>
		</module>
		<module organisation="org.scala-lang" name="scala-reflect">
			<revision name="2.11.2" status="release" pubdate="20140723083911" resolver="Maven Central" artresolver="Maven Central" homepage="http://www.scala-lang.org/" downloaded="true" searched="true" default="false" conf="compile, master(*), runtime, compile(*), runtime(*), master" position="2">
				<license name="BSD 3-Clause" url="http://www.scala-lang.org/license.html"/>
				<metadata-artifact status="successful" details="" size="1568" time="392" location="/Users/jon/Project/introscala-mobiskill/sbt/repository/repository/cache/org.scala-lang/scala-reflect/ivy-2.11.2.xml" searched="true" original-local-location="/Users/jon/Project/introscala-mobiskill/sbt/repository/repository/cache/org.scala-lang/scala-reflect/ivy-2.11.2.xml.original" origin-is-local="false" origin-location="http://repo1.maven.org/maven2/org/scala-lang/scala-reflect/2.11.2/scala-reflect-2.11.2.pom"/>
				<caller organisation="org.scala-lang" name="scala-compiler" conf="default, compile, runtime, master" rev="2.11.2" rev-constraint-default="2.11.2" rev-constraint-dynamic="2.11.2" callerrev="2.11.2"/>
				<artifacts>
					<artifact name="scala-reflect" type="jar" ext="jar" status="successful" details="" size="4391629" time="8286" location="/Users/jon/Project/introscala-mobiskill/sbt/repository/repository/cache/org.scala-lang/scala-reflect/jars/scala-reflect-2.11.2.jar">
						<origin-location is-local="false" location="http://repo1.maven.org/maven2/org/scala-lang/scala-reflect/2.11.2/scala-reflect-2.11.2.jar"/>
					</artifact>
				</artifacts>
			</revision>
		</module>
		<module organisation="org.scala-lang" name="scala-library">
			<revision name="2.11.2" status="release" pubdate="20140723083853" resolver="Maven Central" artresolver="Maven Central" homepage="http://www.scala-lang.org/" downloaded="true" searched="true" default="false" conf="default, compile, master(*), runtime, compile(*), runtime(*), master" position="1">
				<license name="BSD 3-Clause" url="http://www.scala-lang.org/license.html"/>
				<metadata-artifact status="successful" details="" size="1424" time="855" location="/Users/jon/Project/introscala-mobiskill/sbt/repository/repository/cache/org.scala-lang/scala-library/ivy-2.11.2.xml" searched="true" original-local-location="/Users/jon/Project/introscala-mobiskill/sbt/repository/repository/cache/org.scala-lang/scala-library/ivy-2.11.2.xml.original" origin-is-local="false" origin-location="http://repo1.maven.org/maven2/org/scala-lang/scala-library/2.11.2/scala-library-2.11.2.pom"/>
				<caller organisation="org.scala-lang.modules" name="scala-parser-combinators_2.11" conf="compile, runtime" rev="2.11.1" rev-constraint-default="2.11.1" rev-constraint-dynamic="2.11.1" callerrev="1.0.2"/>
				<caller organisation="org.scala-lang" name="scala-reflect" conf="compile, runtime" rev="2.11.2" rev-constraint-default="2.11.2" rev-constraint-dynamic="2.11.2" callerrev="2.11.2"/>
				<caller organisation="org.scala-lang.modules" name="scala-xml_2.11" conf="compile, runtime" rev="2.11.1" rev-constraint-default="2.11.1" rev-constraint-dynamic="2.11.1" callerrev="1.0.2"/>
				<caller organisation="org.scala-sbt" name="boot-scala" conf="default" rev="2.11.2" rev-constraint-default="2.11.2" rev-constraint-dynamic="2.11.2" callerrev="1.0"/>
				<caller organisation="org.scala-lang" name="scala-compiler" conf="default, compile, runtime, master" rev="2.11.2" rev-constraint-default="2.11.2" rev-constraint-dynamic="2.11.2" callerrev="2.11.2"/>
				<artifacts>
					<artifact name="scala-library" type="jar" ext="jar" status="successful" details="" size="5545300" time="6927" location="/Users/jon/Project/introscala-mobiskill/sbt/repository/repository/cache/org.scala-lang/scala-library/jars/scala-library-2.11.2.jar">
						<origin-location is-local="false" location="http://repo1.maven.org/maven2/org/scala-lang/scala-library/2.11.2/scala-library-2.11.2.jar"/>
					</artifact>
				</artifacts>
			</revision>
			<revision name="2.11.1" evicted="latest-revision" evicted-reason="" downloaded="false" searched="false" conf="compile, master(*), runtime, compile(*), runtime(*), master" position="-1">
				<evicted-by rev="2.11.2"/>
				<caller organisation="org.scala-lang.modules" name="scala-parser-combinators_2.11" conf="compile, runtime" rev="2.11.1" rev-constraint-default="2.11.1" rev-constraint-dynamic="2.11.1" callerrev="1.0.2"/>
				<caller organisation="org.scala-lang.modules" name="scala-xml_2.11" conf="compile, runtime" rev="2.11.1" rev-constraint-default="2.11.1" rev-constraint-dynamic="2.11.1" callerrev="1.0.2"/>
				<artifacts>
				</artifacts>
			</revision>
		</module>
	</dependencies>
</ivy-report>
