<?xml version="1.0" encoding="UTF-8"?>
<?xml-stylesheet type="text/xsl" href="ivy-report.xsl"?>
<ivy-report version="1.0">
	<info
		organisation="org.scala-sbt"
		module="boot-jna"
		revision="1.0"
		conf="default"
		confs="default"
		date="20141006145037"/>
	<dependencies>
		<module organisation="net.java.dev.jna" name="jna">
			<revision name="3.2.3" status="release" pubdate="20100520104523" resolver="Maven Central" artresolver="Maven Central" homepage="" downloaded="true" searched="true" default="false" conf="default(compile), default, compile, runtime, master" position="0">
				<metadata-artifact status="successful" details="" size="2078" time="843" location="/Users/jon/Project/introscala-mobiskill/sbt/repository/repository/cache/net.java.dev.jna/jna/ivy-3.2.3.xml" searched="true" original-local-location="/Users/jon/Project/introscala-mobiskill/sbt/repository/repository/cache/net.java.dev.jna/jna/ivy-3.2.3.xml.original" origin-is-local="false" origin-location="http://repo1.maven.org/maven2/net/java/dev/jna/jna/3.2.3/jna-3.2.3.pom"/>
				<caller organisation="org.scala-sbt" name="boot-jna" conf="default" rev="3.2.3" rev-constraint-default="3.2.3" rev-constraint-dynamic="3.2.3" callerrev="1.0"/>
				<artifacts>
					<artifact name="jna" type="jar" ext="jar" status="successful" details="" size="859016" time="1666" location="/Users/jon/Project/introscala-mobiskill/sbt/repository/repository/cache/net.java.dev.jna/jna/jars/jna-3.2.3.jar">
						<origin-location is-local="false" location="http://repo1.maven.org/maven2/net/java/dev/jna/jna/3.2.3/jna-3.2.3.jar"/>
					</artifact>
				</artifacts>
			</revision>
		</module>
	</dependencies>
</ivy-report>
