<?xml version="1.0" encoding="UTF-8"?>
<ivy-module version="2.0">
	<info organisation="org.scala-sbt"
		module="boot-app"
		revision="1.0"
		status="release"
		publication="20141006151136"
	/>
	<configurations>
		<conf name="default" visibility="public" description=""/>
	</configurations>
	<publications>
	</publications>
	<dependencies>
		<dependency org="org.scala-sbt" name="sbt" rev="0.12.4" conf="default->default(compile)">
			<artifact name="sbt" type="jar" ext="jar" conf=""/>
		</dependency>
	</dependencies>
</ivy-module>
