<?xml version="1.0" encoding="UTF-8"?>
<ivy-module version="2.0">
	<info organisation="org.scala-sbt"
		module="boot-scala"
		revision="1.0"
		status="release"
		publication="20141006151636"
	/>
	<configurations>
		<conf name="default" visibility="public" description=""/>
	</configurations>
	<publications>
	</publications>
	<dependencies>
		<dependency org="org.scala-lang" name="scala-compiler" rev="2.11.2" conf="default->default,optional(default)">
			<artifact name="scala-compiler" type="jar" ext="jar" conf=""/>
		</dependency>
		<dependency org="org.scala-lang" name="scala-library" rev="2.11.2" conf="default->default">
			<artifact name="scala-library" type="jar" ext="jar" conf=""/>
		</dependency>
		<exclude org="junit" module="junit" artifact="*" type="*" ext="*" matcher="exact"/>
	</dependencies>
</ivy-module>
