<?xml version="1.0" encoding="UTF-8"?>
<ivy-module version="2.0" xmlns:e="http://ant.apache.org/ivy/extra">
	<info organisation="com.typesafe.sbteclipse" module="sbteclipse-core" revision="2.1.1" status="release" publication="20121214125045" e:scalaVersion="2.9.2" e:sbtVersion="0.12">
		<description>
		sbteclipse-core
		</description>
	</info>
	<configurations>
		<conf name="compile" visibility="public" description=""/>
		<conf name="runtime" visibility="public" description="" extends="compile"/>
		<conf name="test" visibility="public" description="" extends="runtime"/>
		<conf name="provided" visibility="public" description=""/>
		<conf name="optional" visibility="public" description=""/>
		
		
		
		
		<conf name="sources" visibility="public" description=""/>
		<conf name="docs" visibility="public" description=""/>
		<conf name="pom" visibility="public" description=""/>
		
	</configurations>
	<publications>
		<artifact name="sbteclipse-core" type="jar" ext="jar" conf="compile"/>
	</publications>
	<dependencies>
		<dependency org="org.scala-sbt" name="sbt" rev="0.12.1" conf="provided->default(compile)"/>
		<dependency org="org.scala-lang" name="scala-library" rev="2.9.2" conf="provided->default(compile)"/>
		
		<dependency org="org.scalaz" name="scalaz-core_2.9.2" rev="6.0.4" conf="compile->default(compile)"/>
		<exclude org="org.scala-lang" module="scala-library" artifact="*" type="jar" ext="*" matcher="exact"/>
		<exclude org="org.scala-lang" module="scala-compiler" artifact="*" type="jar" ext="*" matcher="exact"/>
		<override org="org.scala-lang" module="scala-library" matcher="exact" rev="2.9.2"/>
		<override org="org.scala-lang" module="scala-compiler" matcher="exact" rev="2.9.2"/>
	</dependencies>
</ivy-module>
